CREATE TABLE public.record_statuses (
    id character varying(20) NOT NULL,
    CONSTRAINT recordstatuses_pkey PRIMARY KEY (id)
);

CREATE TABLE public.material_types (
    code character varying(20) NOT NULL,
    CONSTRAINT materialtypes_pkey PRIMARY KEY (code)
);

CREATE TABLE public.units_of_measure (
    id character varying(20) NOT NULL,
    CONSTRAINT pk_units_of_measure PRIMARY KEY (id)
);

CREATE TABLE public.supply_centers (
    id integer NOT NULL,
    description character varying(40),
    CONSTRAINT supplycenters_pkey PRIMARY KEY (id)
);

CREATE TABLE public.unit_levels (
    id integer NOT NULL,
    description character varying(15),
    CONSTRAINT unitlevels_pkey PRIMARY KEY (id)
);

CREATE TABLE public.unit_types (
    id integer NOT NULL,
    description character varying(255),
    CONSTRAINT unittypes_pkey PRIMARY KEY (id)
);

CREATE TABLE public.main_categories (
    id character varying(3) NOT NULL,
    description character varying(40),
    CONSTRAINT maincategories_pkey PRIMARY KEY (id)
);

CREATE TABLE public.sub_categories (
    id character varying(3) NOT NULL,
    description character varying(40),
    CONSTRAINT subcategories_pkey PRIMARY KEY (id)
);

CREATE TABLE public.second_categories (
    id character varying(3) NOT NULL,
    description character varying(40),
    CONSTRAINT secondcategories_pkey PRIMARY KEY (id)
);

CREATE TABLE public.unit_relation_types (
    id character varying(10) NOT NULL,
    description character varying(40),
    sap_id character varying(40),
    CONSTRAINT unitrelationtypes_pkey PRIMARY KEY (id)
);

CREATE TABLE public.unit_status_types (
    id integer NOT NULL,
    description character varying(20),
    CONSTRAINT unitstatuses_pkey PRIMARY KEY (id)
);

CREATE TABLE public.units_ids (
    id integer NOT NULL,
    CONSTRAINT unitids_pkey PRIMARY KEY (id)
);

CREATE SEQUENCE public.reporttypes_id_seq
    AS integer
    START WITH 1
    INCREMENT BY 1
    NO MINVALUE
    NO MAXVALUE
    CACHE 1;

ALTER SEQUENCE public.reporttypes_id_seq OWNED BY public.report_types.id;

CREATE TABLE public.report_types (
    id integer DEFAULT nextval('public.reporttypes_id_seq'::regclass) NOT NULL,
    description character varying(255),
    CONSTRAINT reporttypes_pkey PRIMARY KEY (id)
);

CREATE TABLE public.stock_types (
    id integer NOT NULL,
    description character varying(25),
    CONSTRAINT stocktypes_pkey PRIMARY KEY (id)
);

CREATE TABLE public.material_standard_group_types (
    id character varying(20) NOT NULL,
    CONSTRAINT material_standard_group_types_pkey PRIMARY KEY (id)
);

CREATE SEQUENCE public.tag_group_id_seq
    START WITH 1
    INCREMENT BY 1
    NO MINVALUE
    NO MAXVALUE
    CACHE 1;

CREATE TABLE public.tag_group (
    id integer DEFAULT nextval('public.tag_group_id_seq'::regclass) NOT NULL,
    description character varying(30) NOT NULL,
    CONSTRAINT tag_group_description_key UNIQUE (description),
    CONSTRAINT tag_group_pkey PRIMARY KEY (id)
);

CREATE TABLE public.supply_sections (
    id integer NOT NULL,
    description character varying(40),
    center_id integer NOT NULL,
    CONSTRAINT supplysections_pkey PRIMARY KEY (id, center_id),
    CONSTRAINT supplysections_center_id_fkey FOREIGN KEY (center_id) REFERENCES public.supply_centers(id) ON DELETE CASCADE
);

CREATE TABLE public.tsav_irgun_codes (
    id character varying(10) NOT NULL,
    description character varying(50),
    record_status_id character varying(20) NOT NULL,
    CONSTRAINT tsavirguncodes_pkey PRIMARY KEY (id),
    CONSTRAINT tsavirguncodes_record_status_fkey FOREIGN KEY (record_status_id) REFERENCES public.record_statuses(id) ON DELETE CASCADE
);

CREATE TABLE public.users (
    id character varying(20) NOT NULL,
    unit_id integer NOT NULL,
    name character varying(50),
    CONSTRAINT unit_users_pkey PRIMARY KEY (id),
    CONSTRAINT unitusers_unit_id_fkey FOREIGN KEY (unit_id) REFERENCES public.units_ids(id) ON DELETE CASCADE
);

CREATE TABLE public.units (
    unit_id integer NOT NULL,
    object_type character varying(2) NOT NULL,
    description character varying(255),
    level_id integer NOT NULL,
    unit_type_id integer,
    tsav_irgun_code character varying(10),
    start_date date NOT NULL,
    end_date date NOT NULL,
    CONSTRAINT units_pkey PRIMARY KEY (unit_id, start_date, object_type),
    CONSTRAINT fk_unit_details__tsav_irgun_code_id FOREIGN KEY (tsav_irgun_code) REFERENCES public.tsav_irgun_codes(id) ON DELETE SET NULL,
    CONSTRAINT units_id_fkey FOREIGN KEY (unit_id) REFERENCES public.units_ids(id) ON DELETE CASCADE,
    CONSTRAINT units_level_id_fkey FOREIGN KEY (level_id) REFERENCES public.unit_levels(id) ON DELETE CASCADE,
    CONSTRAINT units_unit_type_id_fkey FOREIGN KEY (unit_type_id) REFERENCES public.unit_types(id) ON DELETE CASCADE
);

CREATE TABLE public.standard_groups (
    id character varying(9) NOT NULL,
    name character varying(40) NOT NULL,
    group_type character varying(20),
    CONSTRAINT standard_groups_pkey PRIMARY KEY (id),
    CONSTRAINT standard_groups_group_type_fkey FOREIGN KEY (group_type) REFERENCES public.material_standard_group_types(id)
);

CREATE SEQUENCE public.tag_id_seq
    START WITH 1
    INCREMENT BY 1
    NO MINVALUE
    NO MAXVALUE
    CACHE 1;

CREATE TABLE public.standard_tags (
    id integer DEFAULT nextval('public.tag_id_seq'::regclass) NOT NULL,
    tag_group_id integer,
    unit_level integer NOT NULL,
    tag character varying(30) NOT NULL,
    CONSTRAINT standard_tags_pkey PRIMARY KEY (id),
    CONSTRAINT standard_tags_tag_key UNIQUE (tag_group_id, tag, unit_level),
    CONSTRAINT standard_tags_tag_group_id_fkey FOREIGN KEY (tag_group_id) REFERENCES public.tag_group(id) ON DELETE CASCADE,
    CONSTRAINT standard_tags_unit_level_fkey FOREIGN KEY (unit_level) REFERENCES public.unit_levels(id)
);

CREATE TABLE public.standard_attributes (
    id integer NOT NULL,
    managing_unit integer,
    item_group_id character varying(9),
    tool_group_id character varying(9),
    CONSTRAINT standard_attributes_pkey PRIMARY KEY (id),
    CONSTRAINT standard_attributes_item_group_id_fkey FOREIGN KEY (item_group_id) REFERENCES public.standard_groups(id),
    CONSTRAINT standard_attributes_managing_unit__fkey FOREIGN KEY (managing_unit) REFERENCES public.units_ids(id),
    CONSTRAINT standard_attributes_tool_group_id_fkey FOREIGN KEY (tool_group_id) REFERENCES public.standard_groups(id)
);

CREATE TABLE public.standard_values (
    standard_id integer NOT NULL,
    tag_id integer NOT NULL,
    quantity numeric,
    note text,
    CONSTRAINT standard_values_pkey PRIMARY KEY (standard_id, tag_id),
    CONSTRAINT standard_values_standard_id__fkey FOREIGN KEY (standard_id) REFERENCES public.standard_attributes(id),
    CONSTRAINT standard_values_tag_id_fkey FOREIGN KEY (tag_id) REFERENCES public.standard_tags(id)
);

CREATE TABLE public.materials (
    id character varying(18) NOT NULL,
    description character varying(40),
    center_id integer NOT NULL,
    section_id integer NOT NULL,
    unit_of_measurement character varying(40),
    multiply numeric,
    record_status character varying(20) NOT NULL,
    type character varying(20) NOT NULL,
    CONSTRAINT materials_pkey PRIMARY KEY (id),
    CONSTRAINT fk_materials__material_type_code FOREIGN KEY (type) REFERENCES public.material_types(code) ON DELETE CASCADE,
    CONSTRAINT materials_center_id_fkey FOREIGN KEY (center_id) REFERENCES public.supply_centers(id) ON DELETE CASCADE,
    CONSTRAINT materials_record_status_fkey FOREIGN KEY (record_status) REFERENCES public.record_statuses(id) ON DELETE CASCADE,
    CONSTRAINT materials_section_id_center_id_fkey FOREIGN KEY (section_id, center_id) REFERENCES public.supply_sections(id, center_id) ON DELETE CASCADE,
    CONSTRAINT materials_type_fkey FOREIGN KEY (type) REFERENCES public.material_types(code) ON DELETE CASCADE
);

CREATE TABLE public.materials_nicknames (
    material_id character varying(18) NOT NULL,
    nickname character varying(50),
    CONSTRAINT materialnickname_pkey PRIMARY KEY (material_id),
    CONSTRAINT materialnickname_material_id_fkey FOREIGN KEY (material_id) REFERENCES public.materials(id)
);

CREATE TABLE public.material_categories (
    material_id character varying(18) NOT NULL,
    main_category character varying(3),
    sub_category character varying(3),
    second_category character varying(3),
    CONSTRAINT materialcategories_pkey PRIMARY KEY (material_id),
    CONSTRAINT materialcategories_main_category_fkey FOREIGN KEY (main_category) REFERENCES public.main_categories(id) ON DELETE CASCADE,
    CONSTRAINT materialcategories_material_id_fkey FOREIGN KEY (material_id) REFERENCES public.materials(id) ON DELETE CASCADE,
    CONSTRAINT materialcategories_second_category_fkey FOREIGN KEY (second_category) REFERENCES public.second_categories(id) ON DELETE CASCADE,
    CONSTRAINT materialcategories_sub_category_fkey FOREIGN KEY (sub_category) REFERENCES public.sub_categories(id) ON DELETE CASCADE
);

CREATE TABLE public.material_standard_group (
    group_id character varying(9) NOT NULL,
    material_id character varying(18) NOT NULL,
    CONSTRAINT material_standard_group_pkey PRIMARY KEY (group_id, material_id),
    CONSTRAINT material_standard_group_group_id_fkey FOREIGN KEY (group_id) REFERENCES public.standard_groups(id),
    CONSTRAINT material_standard_group_material_id_fkey FOREIGN KEY (material_id) REFERENCES public.materials(id)
);

CREATE TABLE public.category_desc (
    id character varying(9) NOT NULL,
    description character varying(40) NOT NULL,
    category_type character varying NOT NULL,
    is_against_tool boolean,
    CONSTRAINT category_desc_pkey PRIMARY KEY (id),
    CONSTRAINT category_type FOREIGN KEY (category_type) REFERENCES public.material_standard_group_types(id)
);

CREATE TABLE public.category_groups (
    id character varying(9) NOT NULL,
    group_id character varying(9) NOT NULL,
    CONSTRAINT category_groups_pkey PRIMARY KEY (id, group_id),
    CONSTRAINT category_groups_group_id_fkey FOREIGN KEY (group_id) REFERENCES public.standard_groups(id),
    CONSTRAINT category_groups_id_fkey FOREIGN KEY (id) REFERENCES public.category_desc(id)
);

CREATE TABLE public.units_favorite_materials (
    unit_id integer NOT NULL,
    material_id character varying(18) NOT NULL,
    CONSTRAINT unitfavoritematerials_pkey PRIMARY KEY (unit_id, material_id),
    CONSTRAINT unitfavoritematerials_material_id_fkey FOREIGN KEY (material_id) REFERENCES public.materials(id) ON DELETE CASCADE,
    CONSTRAINT unitfavoritematerials_unit_id_fkey FOREIGN KEY (unit_id) REFERENCES public.units_ids(id) ON DELETE CASCADE
);

CREATE TABLE public.units_relations (
    unit_id integer NOT NULL,
    unit_object_type character varying(2) NOT NULL,
    related_unit_id integer NOT NULL,
    related_unit_object_type character varying(2) NOT NULL,
    unit_relation_id character varying(10) NOT NULL,
    start_date date NOT NULL,
    end_date date NOT NULL,
    CONSTRAINT unitrelations_pkey PRIMARY KEY (unit_id, unit_object_type, related_unit_id, related_unit_object_type, unit_relation_id, start_date),
    CONSTRAINT unitrelations_related_unit_id_fkey FOREIGN KEY (related_unit_id) REFERENCES public.units_ids(id) ON DELETE CASCADE,
    CONSTRAINT unitrelations_unit_id_fkey FOREIGN KEY (unit_id) REFERENCES public.units_ids(id) ON DELETE CASCADE,
    CONSTRAINT unitrelations_unit_relation_id_fkey FOREIGN KEY (unit_relation_id) REFERENCES public.unit_relation_types(id) ON DELETE CASCADE
);

CREATE SEQUENCE public.reports_id_seq
    AS integer
    START WITH 1
    INCREMENT BY 1
    NO MINVALUE
    NO MAXVALUE
    CACHE 1;

ALTER SEQUENCE public.reports_id_seq OWNED BY public.reports.id;

CREATE TABLE public.reports (
    id integer DEFAULT nextval('public.reports_id_seq'::regclass) NOT NULL,
    report_type_id integer NOT NULL,
    unit_id integer NOT NULL,
    recipient_unit_id integer,
    reporter_unit_id integer,
    created_on date,
    created_at time without time zone,
    created_by character varying(20),
    CONSTRAINT reports_pkey PRIMARY KEY (id),
    CONSTRAINT reports_report_type_id_unit_id_recipient_unit_id_created_on_key UNIQUE (report_type_id, unit_id, recipient_unit_id, created_on),
    CONSTRAINT reports_created_by_fkey FOREIGN KEY (created_by) REFERENCES public.users(id),
    CONSTRAINT reports_recipient_unit_id_fkey FOREIGN KEY (recipient_unit_id) REFERENCES public.units_ids(id) ON DELETE CASCADE,
    CONSTRAINT reports_report_type_id_fkey FOREIGN KEY (report_type_id) REFERENCES public.report_types(id) ON DELETE CASCADE,
    CONSTRAINT reports_reporter_unit_id_fkey FOREIGN KEY (reporter_unit_id) REFERENCES public.units_ids(id) ON DELETE CASCADE,
    CONSTRAINT reports_unit_id_fkey FOREIGN KEY (unit_id) REFERENCES public.units_ids(id) ON DELETE CASCADE
);

CREATE TABLE public.report_items (
    report_id integer NOT NULL,
    material_id character varying(18) NOT NULL,
    reporting_level integer NOT NULL,
    reporting_unit integer NOT NULL,
    reported_quantity numeric,
    confirmed_quantity numeric,
    status character varying(20) DEFAULT 'ACTIVE'::character varying,
    changed_at time without time zone,
    changed_by character varying(20),
    modified_at timestamp without time zone,
    CONSTRAINT reportitems_pkey PRIMARY KEY (report_id, material_id, reporting_level),
    CONSTRAINT reportitems_changed_by_fkey FOREIGN KEY (changed_by) REFERENCES public.users(id),
    CONSTRAINT reportitems_report_id_fkey FOREIGN KEY (report_id) REFERENCES public.reports(id) ON DELETE CASCADE,
    CONSTRAINT reportitems_reporting_level_fkey FOREIGN KEY (reporting_level) REFERENCES public.unit_levels(id) ON DELETE CASCADE,
    CONSTRAINT reportitems_reporting_unit_fkey FOREIGN KEY (reporting_unit) REFERENCES public.units_ids(id) ON DELETE CASCADE,
    CONSTRAINT reportitems_status_fkey FOREIGN KEY (status) REFERENCES public.record_statuses(id) ON DELETE CASCADE
);

CREATE TABLE public.stocks (
    material_id character varying(18) NOT NULL,
    unit_id integer NOT NULL,
    date date NOT NULL,
    quantity numeric NOT NULL,
    grade character varying(2) NOT NULL,
    stock_type integer NOT NULL,
    CONSTRAINT stocks_pkey PRIMARY KEY (material_id, unit_id, stock_type, grade, date),
    CONSTRAINT stocks_material_id_fkey FOREIGN KEY (material_id) REFERENCES public.materials(id) ON DELETE CASCADE,
    CONSTRAINT stocks_stock_type_fkey FOREIGN KEY (stock_type) REFERENCES public.stock_types(id) ON DELETE CASCADE,
    CONSTRAINT stocks_unit_id_fkey FOREIGN KEY (unit_id) REFERENCES public.units_ids(id) ON DELETE CASCADE
);

CREATE TABLE public.unit_standard_tags (
    unit_id integer NOT NULL,
    tag_id integer NOT NULL,
    CONSTRAINT unit_standard_tags_pkey PRIMARY KEY (unit_id, tag_id),
    CONSTRAINT unit_standard_tags_tag_id_fkey FOREIGN KEY (tag_id) REFERENCES public.standard_tags(id) ON DELETE CASCADE,
    CONSTRAINT unit_standard_tags_unit_id_fkey FOREIGN KEY (unit_id) REFERENCES public.units_ids(id)
);

CREATE TABLE public.comments (
    material_id character varying(18) NOT NULL,
    unit_id integer NOT NULL,
    date date NOT NULL,
    type integer NOT NULL,
    recipient_unit_id integer NOT NULL,
    text character varying,
    CONSTRAINT comments_pkey PRIMARY KEY (unit_id, material_id, date, type, recipient_unit_id),
    CONSTRAINT comments_material_id_fkey FOREIGN KEY (material_id) REFERENCES public.materials(id) ON DELETE CASCADE,
    CONSTRAINT comments_recipient_unit_id_fkey FOREIGN KEY (recipient_unit_id) REFERENCES public.units_ids(id) ON DELETE CASCADE,
    CONSTRAINT comments_type_fkey FOREIGN KEY (type) REFERENCES public.report_types(id) ON DELETE CASCADE,
    CONSTRAINT comments_unit_id_fkey FOREIGN KEY (unit_id) REFERENCES public.units_ids(id) ON DELETE CASCADE
);

CREATE UNIQUE INDEX reports_unique ON public.reports USING btree (created_on, recipient_unit_id, unit_id, report_type_id);

-- Data Inserts

INSERT INTO public.record_statuses (id) VALUES
    ('ACTIVE'),
    ('INACTIVE');

INSERT INTO public.material_types (code) VALUES
    ('ITEM'),
    ('TOOL');

INSERT INTO public.units_of_measure (id) VALUES
    ('יחידה'),
    ('ק״ג'),
    ('גרם'),
    ('ליטר'),
    ('מטר'),
    ('קופסה'),
    ('ארגז'),
    ('משטח'),
    ('פגז'),
    ('רקטה'),
    ('מחסנית'),
    ('טיל');

INSERT INTO public.unit_levels (id, description) VALUES
    (0, 'מטכ״ל'),
    (1, 'פיקוד'),
    (2, 'אוגדה'),
    (3, 'חטיבה'),
    (4, 'גדוד');

INSERT INTO public.unit_status_types (id, description) VALUES
    (0, 'בדיווח'),
    (1, 'ממתין להקצאה'),    
    (2, 'בהקצאה'),
    (3, 'הסתיים');

INSERT INTO public.unit_relation_types (id, description, sap_id) VALUES
    ('1', 'עץ חירום', 'ZRA');

INSERT INTO public.report_types (id, description) VALUES
    (0, 'דרישות'),
    (1, 'מלאי'),
    (2, 'שצ״ל'),
    (3, 'פקודות'),
    (4, 'הצקאות');

INSERT INTO public.stock_types (id, description) VALUES
    (0, 'אשרות'),
    (1, 'יחידות');

INSERT INTO public.main_categories (id, description) VALUES
    ('M01', 'תחמושת קלה'),
    ('M02', 'תחמושת כבדה'),
    ('M03', 'רקטות וטילים'),
    ('M04', 'נשק קל'),
    ('M05', 'רכב קרבי'),
    ('M06', 'אמצעי לחימה'),
    ('M07', 'אביזרי לחימה'),
    ('M08', 'ציוד תחזוקה');

INSERT INTO public.sub_categories (id, description) VALUES
    ('S01', 'כדורים'),
    ('S02', 'מחסניות'),
    ('S03', 'פגזים'),
    ('S04', 'רקטות'),
    ('S05', 'טילים'),
    ('S06', 'מרגמות'),
    ('S07', 'רובים'),
    ('S08', 'אקדחים'),
    ('S09', 'מקלעים'),
    ('S10', 'טנקים'),
    ('S11', 'נגמ״שים'),
    ('S12', 'אביזרים');

INSERT INTO public.second_categories (id, description) VALUES
    ('C01', 'מבצעי'),
    ('C02', 'אימונים'),
    ('C03', 'עתודה'),
    ('C04', 'פלדה'),
    ('C05', 'קלה'),
    ('C06', 'כבדה'),
    ('C07', 'מדויקת'),
    ('C08', 'מהירה'),
    ('C09', 'טקטית'),
    ('C10', 'ארוכת טווח'),
    ('C11', 'תחזוקה'),
    ('C12', 'תמרון');

INSERT INTO public.unit_types (id, description) VALUES
    (1, 'מטה כללי'),
    (2, 'פיקוד מרחבי'),
    (3, 'אוגדת משימה'),
    (4, 'חטיבה מבצעית'),
    (5, 'גדוד לוחם');

INSERT INTO public.supply_centers (id, description) VALUES
    (1, 'מרכז אספקה 1'),
    (2, 'מרכז אספקה 2'),
    (3, 'מרכז אספקה 3'),
    (4, 'מרכז אספקה 4'),
    (5, 'מרכז אספקה 5'),
    (6, 'מרכז אספקה 6'),
    (7, 'מרכז אספקה 7'),
    (8, 'מרכז אספקה 8'),
    (9, 'מרכז אספקה 9'),
    (10, 'מרכז אספקה 10');

INSERT INTO public.supply_sections (id, description, center_id) VALUES
    (1, 'מדור 1-1', 1),
    (2, 'מדור 1-2', 1),
    (3, 'מדור 1-3', 1),
    (4, 'מדור 1-4', 1),
    (5, 'מדור 1-5', 1),
    (1, 'מדור 2-1', 2),
    (2, 'מדור 2-2', 2),
    (3, 'מדור 2-3', 2),
    (4, 'מדור 2-4', 2),
    (5, 'מדור 2-5', 2),
    (1, 'מדור 3-1', 3),
    (2, 'מדור 3-2', 3),
    (3, 'מדור 3-3', 3),
    (4, 'מדור 3-4', 3),
    (5, 'מדור 3-5', 3),
    (1, 'מדור 4-1', 4),
    (2, 'מדור 4-2', 4),
    (3, 'מדור 4-3', 4),
    (4, 'מדור 4-4', 4),
    (5, 'מדור 4-5', 4),
    (1, 'מדור 5-1', 5),
    (2, 'מדור 5-2', 5),
    (3, 'מדור 5-3', 5),
    (4, 'מדור 5-4', 5),
    (5, 'מדור 5-5', 5),
    (1, 'מדור 6-1', 6),
    (2, 'מדור 6-2', 6),
    (3, 'מדור 6-3', 6),
    (4, 'מדור 6-4', 6),
    (5, 'מדור 6-5', 6),
    (1, 'מדור 7-1', 7),
    (2, 'מדור 7-2', 7),
    (3, 'מדור 7-3', 7),
    (4, 'מדור 7-4', 7),
    (5, 'מדור 7-5', 7),
    (1, 'מדור 8-1', 8),
    (2, 'מדור 8-2', 8),
    (3, 'מדור 8-3', 8),
    (4, 'מדור 8-4', 8),
    (5, 'מדור 8-5', 8),
    (1, 'מדור 9-1', 9),
    (2, 'מדור 9-2', 9),
    (3, 'מדור 9-3', 9),
    (4, 'מדור 9-4', 9),
    (5, 'מדור 9-5', 9),
    (1, 'מדור 10-1', 10),
    (2, 'מדור 10-2', 10),
    (3, 'מדור 10-3', 10),
    (4, 'מדור 10-4', 10),
    (5, 'מדור 10-5', 10);

INSERT INTO public.units_ids (id) VALUES
    (1),
    (2),
    (3),
    (4),
    (5),
    (6),
    (7),
    (8),
    (9),
    (10),
    (11),
    (12),
    (13),
    (14),
    (15),
    (16),
    (17),
    (18),
    (19),
    (20),
    (21),
    (22),
    (23),
    (24),
    (25),
    (26),
    (27),
    (28),
    (29),
    (30),
    (31),
    (32),
    (33),
    (34),
    (35),
    (36),
    (37),
    (38),
    (39),
    (40),
    (41),
    (42),
    (43),
    (44),
    (45),
    (46),
    (47),
    (48),
    (49),
    (50),
    (51),
    (52),
    (53),
    (54),
    (55),
    (56),
    (57),
    (58),
    (59),
    (60),
    (61),
    (62),
    (63),
    (64),
    (65),
    (66),
    (67),
    (68),
    (69),
    (70),
    (71),
    (72),
    (73),
    (74),
    (75),
    (76),
    (77),
    (78),
    (79),
    (80),
    (81),
    (82),
    (83),
    (84),
    (85),
    (86),
    (87),
    (88),
    (89),
    (90),
    (91),
    (92),
    (93),
    (94),
    (95),
    (96),
    (97),
    (98),
    (99),
    (100),
    (101),
    (102),
    (103),
    (104),
    (105),
    (106),
    (107),
    (108),
    (109),
    (110),
    (111),
    (112),
    (113),
    (114),
    (115),
    (116),
    (117),
    (118),
    (119),
    (120),
    (121),
    (122),
    (123),
    (124),
    (125),
    (126),
    (127),
    (128),
    (129),
    (130),
    (131),
    (132),
    (133),
    (134),
    (135),
    (136),
    (137),
    (138),
    (139),
    (140),
    (141),
    (142),
    (143),
    (144),
    (145),
    (146),
    (147),
    (148),
    (149),
    (150),
    (151),
    (152),
    (153),
    (154),
    (155),
    (156),
    (157),
    (158),
    (159),
    (160),
    (161),
    (162),
    (163),
    (164),
    (165),
    (166),
    (167),
    (168),
    (169),
    (170),
    (171),
    (172),
    (173),
    (174),
    (175),
    (176),
    (177),
    (178),
    (179),
    (180),
    (181),
    (182),
    (183),
    (184),
    (185),
    (186),
    (187),
    (188),
    (189),
    (190),
    (191),
    (192),
    (193),
    (194),
    (195),
    (196),
    (197),
    (198),
    (199),
    (200),
    (201),
    (202),
    (203),
    (204),
    (205),
    (206),
    (207),
    (208),
    (209),
    (210),
    (211),
    (212),
    (213),
    (214),
    (215),
    (216),
    (217),
    (218),
    (219),
    (220),
    (221),
    (222),
    (223),
    (224),
    (225),
    (226),
    (227),
    (228),
    (229),
    (230),
    (231),
    (232),
    (233),
    (234),
    (235),
    (236),
    (237),
    (238),
    (239),
    (240),
    (241),
    (242),
    (243),
    (244),
    (245),
    (246),
    (247),
    (248),
    (249),
    (250),
    (251),
    (252),
    (253),
    (254),
    (255),
    (256),
    (257),
    (258),
    (259),
    (260),
    (261),
    (262),
    (263),
    (264),
    (265),
    (266),
    (267),
    (268),
    (269),
    (270),
    (271),
    (272),
    (273),
    (274),
    (275),
    (276),
    (277),
    (278),
    (279),
    (280),
    (281),
    (282),
    (283),
    (284),
    (285),
    (286),
    (287),
    (288),
    (289),
    (290),
    (291),
    (292),
    (293),
    (294),
    (295),
    (296),
    (297),
    (298),
    (299),
    (300),
    (301),
    (302),
    (303),
    (304),
    (305),
    (306),
    (307),
    (308),
    (309),
    (310),
    (311),
    (312),
    (313),
    (314),
    (315),
    (316),
    (317),
    (318),
    (319),
    (320),
    (321),
    (322),
    (323),
    (324),
    (325),
    (326),
    (327),
    (328),
    (329),
    (330),
    (331),
    (332),
    (333),
    (334),
    (335),
    (336),
    (337),
    (338),
    (339),
    (340),
    (341),
    (342),
    (343),
    (344),
    (345),
    (346),
    (347),
    (348),
    (349),
    (350),
    (351),
    (352),
    (353),
    (354),
    (355),
    (356),
    (357),
    (358),
    (359),
    (360),
    (361),
    (362),
    (363),
    (364),
    (365),
    (366),
    (367),
    (368),
    (369),
    (370),
    (371),
    (372),
    (373),
    (374),
    (375),
    (376),
    (377),
    (378),
    (379),
    (380),
    (381),
    (382),
    (383),
    (384),
    (385),
    (386),
    (387),
    (388),
    (389),
    (390),
    (391),
    (392),
    (393),
    (394),
    (395),
    (396),
    (397),
    (398),
    (399),
    (400),
    (401),
    (402),
    (403),
    (404),
    (405),
    (406),
    (407),
    (408),
    (409),
    (410),
    (411),
    (412),
    (413),
    (414),
    (415),
    (416),
    (417),
    (418),
    (419),
    (420),
    (421),
    (422),
    (423),
    (424),
    (425),
    (426),
    (427),
    (428),
    (429),
    (430),
    (431),
    (432),
    (433),
    (434),
    (435),
    (436),
    (437),
    (438),
    (439),
    (440),
    (441),
    (442),
    (443),
    (444),
    (445),
    (446),
    (447),
    (448),
    (449),
    (450),
    (451),
    (452),
    (453),
    (454),
    (455),
    (456),
    (457),
    (458),
    (459),
    (460),
    (461),
    (462),
    (463),
    (464),
    (465),
    (466),
    (467),
    (468),
    (469),
    (470),
    (471),
    (472),
    (473),
    (474),
    (475),
    (476),
    (477),
    (478),
    (479),
    (480),
    (481),
    (482),
    (483),
    (484),
    (485),
    (486),
    (487),
    (488),
    (489),
    (490),
    (491),
    (492),
    (493),
    (494),
    (495),
    (496),
    (497),
    (498),
    (499),
    (500),
    (501),
    (502),
    (503),
    (504),
    (505),
    (506),
    (507),
    (508),
    (509),
    (510),
    (511),
    (512),
    (513),
    (514),
    (515),
    (516),
    (517),
    (518),
    (519),
    (520),
    (521),
    (522),
    (523),
    (524),
    (525),
    (526),
    (527),
    (528),
    (529),
    (530),
    (531),
    (532),
    (533),
    (534),
    (535),
    (536),
    (537),
    (538),
    (539),
    (540),
    (541),
    (542),
    (543),
    (544),
    (545),
    (546),
    (547),
    (548),
    (549),
    (550),
    (551),
    (552),
    (553),
    (554),
    (555),
    (556),
    (557),
    (558),
    (559),
    (560),
    (561),
    (562),
    (563),
    (564),
    (565),
    (566),
    (567),
    (568),
    (569),
    (570),
    (571),
    (572),
    (573),
    (574),
    (575),
    (576),
    (577),
    (578),
    (579),
    (580),
    (581),
    (582),
    (583),
    (584),
    (585),
    (586),
    (587),
    (588),
    (589),
    (590),
    (591),
    (592),
    (593),
    (594),
    (595),
    (596),
    (597),
    (598),
    (599),
    (600),
    (601),
    (602),
    (603),
    (604),
    (605),
    (606),
    (607),
    (608),
    (609),
    (610),
    (611),
    (612),
    (613),
    (614),
    (615),
    (616),
    (617),
    (618),
    (619),
    (620),
    (621),
    (622),
    (623),
    (624),
    (625),
    (626),
    (627),
    (628),
    (629),
    (630),
    (631),
    (632),
    (633),
    (634),
    (635),
    (636),
    (637),
    (638),
    (639),
    (640),
    (641),
    (642),
    (643),
    (644),
    (645),
    (646),
    (647),
    (648),
    (649),
    (650),
    (651),
    (652),
    (653),
    (654),
    (655),
    (656),
    (657),
    (658),
    (659),
    (660),
    (661),
    (662),
    (663),
    (664),
    (665),
    (666),
    (667),
    (668),
    (669),
    (670),
    (671),
    (672),
    (673),
    (674),
    (675),
    (676),
    (677),
    (678),
    (679),
    (680),
    (681),
    (682),
    (683),
    (684),
    (685),
    (686),
    (687),
    (688),
    (689),
    (690),
    (691),
    (692),
    (693),
    (694),
    (695),
    (696),
    (697),
    (698),
    (699),
    (700),
    (701),
    (702),
    (703),
    (704),
    (705),
    (706),
    (707),
    (708),
    (709),
    (710),
    (711),
    (712),
    (713),
    (714),
    (715),
    (716),
    (717),
    (718),
    (719),
    (720),
    (721),
    (722),
    (723),
    (724),
    (725),
    (726),
    (727),
    (728),
    (729),
    (730),
    (731),
    (732),
    (733),
    (734),
    (735),
    (736),
    (737),
    (738),
    (739),
    (740),
    (741),
    (742),
    (743),
    (744),
    (745),
    (746),
    (747),
    (748),
    (749),
    (750),
    (751),
    (752),
    (753),
    (754),
    (755),
    (756),
    (757),
    (758),
    (759),
    (760),
    (761),
    (762),
    (763),
    (764),
    (765),
    (766),
    (767),
    (768),
    (769),
    (770),
    (771),
    (772),
    (773),
    (774),
    (775),
    (776),
    (777),
    (778),
    (779),
    (780),
    (781),
    (782),
    (783),
    (784),
    (785),
    (786),
    (787),
    (788),
    (789),
    (790),
    (791),
    (792),
    (793),
    (794),
    (795),
    (796),
    (797),
    (798),
    (799),
    (800),
    (801),
    (802),
    (803),
    (804),
    (805),
    (806),
    (807),
    (808),
    (809),
    (810),
    (811),
    (812),
    (813),
    (814),
    (815),
    (816),
    (817),
    (818),
    (819),
    (820),
    (821),
    (822),
    (823),
    (824),
    (825),
    (826),
    (827),
    (828),
    (829),
    (830),
    (831),
    (832),
    (833),
    (834),
    (835),
    (836),
    (837),
    (838),
    (839),
    (840),
    (841),
    (842),
    (843),
    (844),
    (845),
    (846),
    (847),
    (848),
    (849),
    (850),
    (851),
    (852),
    (853),
    (854),
    (855),
    (856),
    (857),
    (858),
    (859),
    (860),
    (861),
    (862),
    (863),
    (864),
    (865),
    (866),
    (867),
    (868),
    (869),
    (870),
    (871),
    (872),
    (873),
    (874),
    (875),
    (876),
    (877),
    (878),
    (879),
    (880),
    (881),
    (882),
    (883),
    (884),
    (885),
    (886),
    (887),
    (888),
    (889),
    (890),
    (891),
    (892),
    (893),
    (894),
    (895),
    (896),
    (897),
    (898),
    (899),
    (900),
    (901),
    (902),
    (903),
    (904),
    (905),
    (906),
    (907),
    (908),
    (909),
    (910),
    (911),
    (912),
    (913),
    (914),
    (915),
    (916),
    (917),
    (918),
    (919),
    (920),
    (921),
    (922),
    (923),
    (924),
    (925),
    (926),
    (927),
    (928),
    (929),
    (930),
    (931),
    (932),
    (933),
    (934),
    (935),
    (936),
    (937),
    (938),
    (939),
    (940),
    (941),
    (942),
    (943),
    (944),
    (945),
    (946),
    (947),
    (948),
    (949),
    (950),
    (951),
    (952),
    (953),
    (954),
    (955),
    (956),
    (957),
    (958),
    (959),
    (960),
    (961),
    (962),
    (963),
    (964),
    (965),
    (966),
    (967),
    (968),
    (969),
    (970),
    (971),
    (972),
    (973),
    (974),
    (975),
    (976),
    (977),
    (978),
    (979),
    (980),
    (981),
    (982),
    (983),
    (984),
    (985),
    (986),
    (987),
    (988),
    (989),
    (990),
    (991),
    (992),
    (993),
    (994),
    (995),
    (996),
    (997),
    (998),
    (999),
    (1000);

INSERT INTO public.units (unit_id, object_type, description, level_id, unit_type_id, start_date, end_date) VALUES
    (1, 'O', 'מטכ״ל 1', 0, 1, '2020-01-01', '2099-12-31'),
    (2, 'O', 'פיקוד 2', 1, 2, '2020-01-01', '2099-12-31'),
    (3, 'O', 'פיקוד 3', 1, 2, '2020-01-01', '2099-12-31'),
    (4, 'O', 'פיקוד 4', 1, 2, '2020-01-01', '2099-12-31'),
    (5, 'O', 'פיקוד 5', 1, 2, '2020-01-01', '2099-12-31'),
    (6, 'O', 'פיקוד 6', 1, 2, '2020-01-01', '2099-12-31'),
    (7, 'O', 'פיקוד 7', 1, 2, '2020-01-01', '2099-12-31'),
    (8, 'O', 'פיקוד 8', 1, 2, '2020-01-01', '2099-12-31'),
    (9, 'O', 'פיקוד 9', 1, 2, '2020-01-01', '2099-12-31'),
    (10, 'O', 'פיקוד 10', 1, 2, '2020-01-01', '2099-12-31'),
    (11, 'O', 'אוגדה 11', 2, 3, '2020-01-01', '2099-12-31'),
    (12, 'O', 'אוגדה 12', 2, 3, '2020-01-01', '2099-12-31'),
    (13, 'O', 'אוגדה 13', 2, 3, '2020-01-01', '2099-12-31'),
    (14, 'O', 'אוגדה 14', 2, 3, '2020-01-01', '2099-12-31'),
    (15, 'O', 'אוגדה 15', 2, 3, '2020-01-01', '2099-12-31'),
    (16, 'O', 'אוגדה 16', 2, 3, '2020-01-01', '2099-12-31'),
    (17, 'O', 'אוגדה 17', 2, 3, '2020-01-01', '2099-12-31'),
    (18, 'O', 'אוגדה 18', 2, 3, '2020-01-01', '2099-12-31'),
    (19, 'O', 'אוגדה 19', 2, 3, '2020-01-01', '2099-12-31'),
    (20, 'O', 'אוגדה 20', 2, 3, '2020-01-01', '2099-12-31'),
    (21, 'O', 'אוגדה 21', 2, 3, '2020-01-01', '2099-12-31'),
    (22, 'O', 'אוגדה 22', 2, 3, '2020-01-01', '2099-12-31'),
    (23, 'O', 'אוגדה 23', 2, 3, '2020-01-01', '2099-12-31'),
    (24, 'O', 'אוגדה 24', 2, 3, '2020-01-01', '2099-12-31'),
    (25, 'O', 'אוגדה 25', 2, 3, '2020-01-01', '2099-12-31'),
    (26, 'O', 'אוגדה 26', 2, 3, '2020-01-01', '2099-12-31'),
    (27, 'O', 'אוגדה 27', 2, 3, '2020-01-01', '2099-12-31'),
    (28, 'O', 'אוגדה 28', 2, 3, '2020-01-01', '2099-12-31'),
    (29, 'O', 'אוגדה 29', 2, 3, '2020-01-01', '2099-12-31'),
    (30, 'O', 'אוגדה 30', 2, 3, '2020-01-01', '2099-12-31'),
    (31, 'O', 'אוגדה 31', 2, 3, '2020-01-01', '2099-12-31'),
    (32, 'O', 'אוגדה 32', 2, 3, '2020-01-01', '2099-12-31'),
    (33, 'O', 'אוגדה 33', 2, 3, '2020-01-01', '2099-12-31'),
    (34, 'O', 'אוגדה 34', 2, 3, '2020-01-01', '2099-12-31'),
    (35, 'O', 'אוגדה 35', 2, 3, '2020-01-01', '2099-12-31'),
    (36, 'O', 'אוגדה 36', 2, 3, '2020-01-01', '2099-12-31'),
    (37, 'O', 'אוגדה 37', 2, 3, '2020-01-01', '2099-12-31'),
    (38, 'O', 'אוגדה 38', 2, 3, '2020-01-01', '2099-12-31'),
    (39, 'O', 'אוגדה 39', 2, 3, '2020-01-01', '2099-12-31'),
    (40, 'O', 'אוגדה 40', 2, 3, '2020-01-01', '2099-12-31'),
    (41, 'O', 'אוגדה 41', 2, 3, '2020-01-01', '2099-12-31'),
    (42, 'O', 'אוגדה 42', 2, 3, '2020-01-01', '2099-12-31'),
    (43, 'O', 'אוגדה 43', 2, 3, '2020-01-01', '2099-12-31'),
    (44, 'O', 'אוגדה 44', 2, 3, '2020-01-01', '2099-12-31'),
    (45, 'O', 'אוגדה 45', 2, 3, '2020-01-01', '2099-12-31'),
    (46, 'O', 'אוגדה 46', 2, 3, '2020-01-01', '2099-12-31'),
    (47, 'O', 'אוגדה 47', 2, 3, '2020-01-01', '2099-12-31'),
    (48, 'O', 'אוגדה 48', 2, 3, '2020-01-01', '2099-12-31'),
    (49, 'O', 'אוגדה 49', 2, 3, '2020-01-01', '2099-12-31'),
    (50, 'O', 'אוגדה 50', 2, 3, '2020-01-01', '2099-12-31'),
    (51, 'O', 'אוגדה 51', 2, 3, '2020-01-01', '2099-12-31'),
    (52, 'O', 'אוגדה 52', 2, 3, '2020-01-01', '2099-12-31'),
    (53, 'O', 'אוגדה 53', 2, 3, '2020-01-01', '2099-12-31'),
    (54, 'O', 'אוגדה 54', 2, 3, '2020-01-01', '2099-12-31'),
    (55, 'O', 'אוגדה 55', 2, 3, '2020-01-01', '2099-12-31'),
    (56, 'O', 'אוגדה 56', 2, 3, '2020-01-01', '2099-12-31'),
    (57, 'O', 'אוגדה 57', 2, 3, '2020-01-01', '2099-12-31'),
    (58, 'O', 'אוגדה 58', 2, 3, '2020-01-01', '2099-12-31'),
    (59, 'O', 'אוגדה 59', 2, 3, '2020-01-01', '2099-12-31'),
    (60, 'O', 'אוגדה 60', 2, 3, '2020-01-01', '2099-12-31'),
    (61, 'O', 'אוגדה 61', 2, 3, '2020-01-01', '2099-12-31'),
    (62, 'O', 'אוגדה 62', 2, 3, '2020-01-01', '2099-12-31'),
    (63, 'O', 'אוגדה 63', 2, 3, '2020-01-01', '2099-12-31'),
    (64, 'O', 'אוגדה 64', 2, 3, '2020-01-01', '2099-12-31'),
    (65, 'O', 'אוגדה 65', 2, 3, '2020-01-01', '2099-12-31'),
    (66, 'O', 'אוגדה 66', 2, 3, '2020-01-01', '2099-12-31'),
    (67, 'O', 'אוגדה 67', 2, 3, '2020-01-01', '2099-12-31'),
    (68, 'O', 'אוגדה 68', 2, 3, '2020-01-01', '2099-12-31'),
    (69, 'O', 'אוגדה 69', 2, 3, '2020-01-01', '2099-12-31'),
    (70, 'O', 'אוגדה 70', 2, 3, '2020-01-01', '2099-12-31'),
    (71, 'O', 'אוגדה 71', 2, 3, '2020-01-01', '2099-12-31'),
    (72, 'O', 'אוגדה 72', 2, 3, '2020-01-01', '2099-12-31'),
    (73, 'O', 'אוגדה 73', 2, 3, '2020-01-01', '2099-12-31'),
    (74, 'O', 'אוגדה 74', 2, 3, '2020-01-01', '2099-12-31'),
    (75, 'O', 'אוגדה 75', 2, 3, '2020-01-01', '2099-12-31'),
    (76, 'O', 'אוגדה 76', 2, 3, '2020-01-01', '2099-12-31'),
    (77, 'O', 'אוגדה 77', 2, 3, '2020-01-01', '2099-12-31'),
    (78, 'O', 'אוגדה 78', 2, 3, '2020-01-01', '2099-12-31'),
    (79, 'O', 'אוגדה 79', 2, 3, '2020-01-01', '2099-12-31'),
    (80, 'O', 'אוגדה 80', 2, 3, '2020-01-01', '2099-12-31'),
    (81, 'O', 'אוגדה 81', 2, 3, '2020-01-01', '2099-12-31'),
    (82, 'O', 'אוגדה 82', 2, 3, '2020-01-01', '2099-12-31'),
    (83, 'O', 'אוגדה 83', 2, 3, '2020-01-01', '2099-12-31'),
    (84, 'O', 'אוגדה 84', 2, 3, '2020-01-01', '2099-12-31'),
    (85, 'O', 'אוגדה 85', 2, 3, '2020-01-01', '2099-12-31'),
    (86, 'O', 'אוגדה 86', 2, 3, '2020-01-01', '2099-12-31'),
    (87, 'O', 'אוגדה 87', 2, 3, '2020-01-01', '2099-12-31'),
    (88, 'O', 'אוגדה 88', 2, 3, '2020-01-01', '2099-12-31'),
    (89, 'O', 'אוגדה 89', 2, 3, '2020-01-01', '2099-12-31'),
    (90, 'O', 'אוגדה 90', 2, 3, '2020-01-01', '2099-12-31'),
    (91, 'O', 'אוגדה 91', 2, 3, '2020-01-01', '2099-12-31'),
    (92, 'O', 'אוגדה 92', 2, 3, '2020-01-01', '2099-12-31'),
    (93, 'O', 'אוגדה 93', 2, 3, '2020-01-01', '2099-12-31'),
    (94, 'O', 'אוגדה 94', 2, 3, '2020-01-01', '2099-12-31'),
    (95, 'O', 'אוגדה 95', 2, 3, '2020-01-01', '2099-12-31'),
    (96, 'O', 'אוגדה 96', 2, 3, '2020-01-01', '2099-12-31'),
    (97, 'O', 'אוגדה 97', 2, 3, '2020-01-01', '2099-12-31'),
    (98, 'O', 'אוגדה 98', 2, 3, '2020-01-01', '2099-12-31'),
    (99, 'O', 'אוגדה 99', 2, 3, '2020-01-01', '2099-12-31'),
    (100, 'O', 'אוגדה 100', 2, 3, '2020-01-01', '2099-12-31'),
    (101, 'O', 'חטיבה 101', 3, 4, '2020-01-01', '2099-12-31'),
    (102, 'O', 'חטיבה 102', 3, 4, '2020-01-01', '2099-12-31'),
    (103, 'O', 'חטיבה 103', 3, 4, '2020-01-01', '2099-12-31'),
    (104, 'O', 'חטיבה 104', 3, 4, '2020-01-01', '2099-12-31'),
    (105, 'O', 'חטיבה 105', 3, 4, '2020-01-01', '2099-12-31'),
    (106, 'O', 'חטיבה 106', 3, 4, '2020-01-01', '2099-12-31'),
    (107, 'O', 'חטיבה 107', 3, 4, '2020-01-01', '2099-12-31'),
    (108, 'O', 'חטיבה 108', 3, 4, '2020-01-01', '2099-12-31'),
    (109, 'O', 'חטיבה 109', 3, 4, '2020-01-01', '2099-12-31'),
    (110, 'O', 'חטיבה 110', 3, 4, '2020-01-01', '2099-12-31'),
    (111, 'O', 'חטיבה 111', 3, 4, '2020-01-01', '2099-12-31'),
    (112, 'O', 'חטיבה 112', 3, 4, '2020-01-01', '2099-12-31'),
    (113, 'O', 'חטיבה 113', 3, 4, '2020-01-01', '2099-12-31'),
    (114, 'O', 'חטיבה 114', 3, 4, '2020-01-01', '2099-12-31'),
    (115, 'O', 'חטיבה 115', 3, 4, '2020-01-01', '2099-12-31'),
    (116, 'O', 'חטיבה 116', 3, 4, '2020-01-01', '2099-12-31'),
    (117, 'O', 'חטיבה 117', 3, 4, '2020-01-01', '2099-12-31'),
    (118, 'O', 'חטיבה 118', 3, 4, '2020-01-01', '2099-12-31'),
    (119, 'O', 'חטיבה 119', 3, 4, '2020-01-01', '2099-12-31'),
    (120, 'O', 'חטיבה 120', 3, 4, '2020-01-01', '2099-12-31'),
    (121, 'O', 'חטיבה 121', 3, 4, '2020-01-01', '2099-12-31'),
    (122, 'O', 'חטיבה 122', 3, 4, '2020-01-01', '2099-12-31'),
    (123, 'O', 'חטיבה 123', 3, 4, '2020-01-01', '2099-12-31'),
    (124, 'O', 'חטיבה 124', 3, 4, '2020-01-01', '2099-12-31'),
    (125, 'O', 'חטיבה 125', 3, 4, '2020-01-01', '2099-12-31'),
    (126, 'O', 'חטיבה 126', 3, 4, '2020-01-01', '2099-12-31'),
    (127, 'O', 'חטיבה 127', 3, 4, '2020-01-01', '2099-12-31'),
    (128, 'O', 'חטיבה 128', 3, 4, '2020-01-01', '2099-12-31'),
    (129, 'O', 'חטיבה 129', 3, 4, '2020-01-01', '2099-12-31'),
    (130, 'O', 'חטיבה 130', 3, 4, '2020-01-01', '2099-12-31'),
    (131, 'O', 'חטיבה 131', 3, 4, '2020-01-01', '2099-12-31'),
    (132, 'O', 'חטיבה 132', 3, 4, '2020-01-01', '2099-12-31'),
    (133, 'O', 'חטיבה 133', 3, 4, '2020-01-01', '2099-12-31'),
    (134, 'O', 'חטיבה 134', 3, 4, '2020-01-01', '2099-12-31'),
    (135, 'O', 'חטיבה 135', 3, 4, '2020-01-01', '2099-12-31'),
    (136, 'O', 'חטיבה 136', 3, 4, '2020-01-01', '2099-12-31'),
    (137, 'O', 'חטיבה 137', 3, 4, '2020-01-01', '2099-12-31'),
    (138, 'O', 'חטיבה 138', 3, 4, '2020-01-01', '2099-12-31'),
    (139, 'O', 'חטיבה 139', 3, 4, '2020-01-01', '2099-12-31'),
    (140, 'O', 'חטיבה 140', 3, 4, '2020-01-01', '2099-12-31'),
    (141, 'O', 'חטיבה 141', 3, 4, '2020-01-01', '2099-12-31'),
    (142, 'O', 'חטיבה 142', 3, 4, '2020-01-01', '2099-12-31'),
    (143, 'O', 'חטיבה 143', 3, 4, '2020-01-01', '2099-12-31'),
    (144, 'O', 'חטיבה 144', 3, 4, '2020-01-01', '2099-12-31'),
    (145, 'O', 'חטיבה 145', 3, 4, '2020-01-01', '2099-12-31'),
    (146, 'O', 'חטיבה 146', 3, 4, '2020-01-01', '2099-12-31'),
    (147, 'O', 'חטיבה 147', 3, 4, '2020-01-01', '2099-12-31'),
    (148, 'O', 'חטיבה 148', 3, 4, '2020-01-01', '2099-12-31'),
    (149, 'O', 'חטיבה 149', 3, 4, '2020-01-01', '2099-12-31'),
    (150, 'O', 'חטיבה 150', 3, 4, '2020-01-01', '2099-12-31'),
    (151, 'O', 'חטיבה 151', 3, 4, '2020-01-01', '2099-12-31'),
    (152, 'O', 'חטיבה 152', 3, 4, '2020-01-01', '2099-12-31'),
    (153, 'O', 'חטיבה 153', 3, 4, '2020-01-01', '2099-12-31'),
    (154, 'O', 'חטיבה 154', 3, 4, '2020-01-01', '2099-12-31'),
    (155, 'O', 'חטיבה 155', 3, 4, '2020-01-01', '2099-12-31'),
    (156, 'O', 'חטיבה 156', 3, 4, '2020-01-01', '2099-12-31'),
    (157, 'O', 'חטיבה 157', 3, 4, '2020-01-01', '2099-12-31'),
    (158, 'O', 'חטיבה 158', 3, 4, '2020-01-01', '2099-12-31'),
    (159, 'O', 'חטיבה 159', 3, 4, '2020-01-01', '2099-12-31'),
    (160, 'O', 'חטיבה 160', 3, 4, '2020-01-01', '2099-12-31'),
    (161, 'O', 'חטיבה 161', 3, 4, '2020-01-01', '2099-12-31'),
    (162, 'O', 'חטיבה 162', 3, 4, '2020-01-01', '2099-12-31'),
    (163, 'O', 'חטיבה 163', 3, 4, '2020-01-01', '2099-12-31'),
    (164, 'O', 'חטיבה 164', 3, 4, '2020-01-01', '2099-12-31'),
    (165, 'O', 'חטיבה 165', 3, 4, '2020-01-01', '2099-12-31'),
    (166, 'O', 'חטיבה 166', 3, 4, '2020-01-01', '2099-12-31'),
    (167, 'O', 'חטיבה 167', 3, 4, '2020-01-01', '2099-12-31'),
    (168, 'O', 'חטיבה 168', 3, 4, '2020-01-01', '2099-12-31'),
    (169, 'O', 'חטיבה 169', 3, 4, '2020-01-01', '2099-12-31'),
    (170, 'O', 'חטיבה 170', 3, 4, '2020-01-01', '2099-12-31'),
    (171, 'O', 'חטיבה 171', 3, 4, '2020-01-01', '2099-12-31'),
    (172, 'O', 'חטיבה 172', 3, 4, '2020-01-01', '2099-12-31'),
    (173, 'O', 'חטיבה 173', 3, 4, '2020-01-01', '2099-12-31'),
    (174, 'O', 'חטיבה 174', 3, 4, '2020-01-01', '2099-12-31'),
    (175, 'O', 'חטיבה 175', 3, 4, '2020-01-01', '2099-12-31'),
    (176, 'O', 'חטיבה 176', 3, 4, '2020-01-01', '2099-12-31'),
    (177, 'O', 'חטיבה 177', 3, 4, '2020-01-01', '2099-12-31'),
    (178, 'O', 'חטיבה 178', 3, 4, '2020-01-01', '2099-12-31'),
    (179, 'O', 'חטיבה 179', 3, 4, '2020-01-01', '2099-12-31'),
    (180, 'O', 'חטיבה 180', 3, 4, '2020-01-01', '2099-12-31'),
    (181, 'O', 'חטיבה 181', 3, 4, '2020-01-01', '2099-12-31'),
    (182, 'O', 'חטיבה 182', 3, 4, '2020-01-01', '2099-12-31'),
    (183, 'O', 'חטיבה 183', 3, 4, '2020-01-01', '2099-12-31'),
    (184, 'O', 'חטיבה 184', 3, 4, '2020-01-01', '2099-12-31'),
    (185, 'O', 'חטיבה 185', 3, 4, '2020-01-01', '2099-12-31'),
    (186, 'O', 'חטיבה 186', 3, 4, '2020-01-01', '2099-12-31'),
    (187, 'O', 'חטיבה 187', 3, 4, '2020-01-01', '2099-12-31'),
    (188, 'O', 'חטיבה 188', 3, 4, '2020-01-01', '2099-12-31'),
    (189, 'O', 'חטיבה 189', 3, 4, '2020-01-01', '2099-12-31'),
    (190, 'O', 'חטיבה 190', 3, 4, '2020-01-01', '2099-12-31'),
    (191, 'O', 'חטיבה 191', 3, 4, '2020-01-01', '2099-12-31'),
    (192, 'O', 'חטיבה 192', 3, 4, '2020-01-01', '2099-12-31'),
    (193, 'O', 'חטיבה 193', 3, 4, '2020-01-01', '2099-12-31'),
    (194, 'O', 'חטיבה 194', 3, 4, '2020-01-01', '2099-12-31'),
    (195, 'O', 'חטיבה 195', 3, 4, '2020-01-01', '2099-12-31'),
    (196, 'O', 'חטיבה 196', 3, 4, '2020-01-01', '2099-12-31'),
    (197, 'O', 'חטיבה 197', 3, 4, '2020-01-01', '2099-12-31'),
    (198, 'O', 'חטיבה 198', 3, 4, '2020-01-01', '2099-12-31'),
    (199, 'O', 'חטיבה 199', 3, 4, '2020-01-01', '2099-12-31'),
    (200, 'O', 'חטיבה 200', 3, 4, '2020-01-01', '2099-12-31'),
    (201, 'O', 'חטיבה 201', 3, 4, '2020-01-01', '2099-12-31'),
    (202, 'O', 'חטיבה 202', 3, 4, '2020-01-01', '2099-12-31'),
    (203, 'O', 'חטיבה 203', 3, 4, '2020-01-01', '2099-12-31'),
    (204, 'O', 'חטיבה 204', 3, 4, '2020-01-01', '2099-12-31'),
    (205, 'O', 'חטיבה 205', 3, 4, '2020-01-01', '2099-12-31'),
    (206, 'O', 'חטיבה 206', 3, 4, '2020-01-01', '2099-12-31'),
    (207, 'O', 'חטיבה 207', 3, 4, '2020-01-01', '2099-12-31'),
    (208, 'O', 'חטיבה 208', 3, 4, '2020-01-01', '2099-12-31'),
    (209, 'O', 'חטיבה 209', 3, 4, '2020-01-01', '2099-12-31'),
    (210, 'O', 'חטיבה 210', 3, 4, '2020-01-01', '2099-12-31'),
    (211, 'O', 'חטיבה 211', 3, 4, '2020-01-01', '2099-12-31'),
    (212, 'O', 'חטיבה 212', 3, 4, '2020-01-01', '2099-12-31'),
    (213, 'O', 'חטיבה 213', 3, 4, '2020-01-01', '2099-12-31'),
    (214, 'O', 'חטיבה 214', 3, 4, '2020-01-01', '2099-12-31'),
    (215, 'O', 'חטיבה 215', 3, 4, '2020-01-01', '2099-12-31'),
    (216, 'O', 'חטיבה 216', 3, 4, '2020-01-01', '2099-12-31'),
    (217, 'O', 'חטיבה 217', 3, 4, '2020-01-01', '2099-12-31'),
    (218, 'O', 'חטיבה 218', 3, 4, '2020-01-01', '2099-12-31'),
    (219, 'O', 'חטיבה 219', 3, 4, '2020-01-01', '2099-12-31'),
    (220, 'O', 'חטיבה 220', 3, 4, '2020-01-01', '2099-12-31'),
    (221, 'O', 'חטיבה 221', 3, 4, '2020-01-01', '2099-12-31'),
    (222, 'O', 'חטיבה 222', 3, 4, '2020-01-01', '2099-12-31'),
    (223, 'O', 'חטיבה 223', 3, 4, '2020-01-01', '2099-12-31'),
    (224, 'O', 'חטיבה 224', 3, 4, '2020-01-01', '2099-12-31'),
    (225, 'O', 'חטיבה 225', 3, 4, '2020-01-01', '2099-12-31'),
    (226, 'O', 'חטיבה 226', 3, 4, '2020-01-01', '2099-12-31'),
    (227, 'O', 'חטיבה 227', 3, 4, '2020-01-01', '2099-12-31'),
    (228, 'O', 'חטיבה 228', 3, 4, '2020-01-01', '2099-12-31'),
    (229, 'O', 'חטיבה 229', 3, 4, '2020-01-01', '2099-12-31'),
    (230, 'O', 'חטיבה 230', 3, 4, '2020-01-01', '2099-12-31'),
    (231, 'O', 'חטיבה 231', 3, 4, '2020-01-01', '2099-12-31'),
    (232, 'O', 'חטיבה 232', 3, 4, '2020-01-01', '2099-12-31'),
    (233, 'O', 'חטיבה 233', 3, 4, '2020-01-01', '2099-12-31'),
    (234, 'O', 'חטיבה 234', 3, 4, '2020-01-01', '2099-12-31'),
    (235, 'O', 'חטיבה 235', 3, 4, '2020-01-01', '2099-12-31'),
    (236, 'O', 'חטיבה 236', 3, 4, '2020-01-01', '2099-12-31'),
    (237, 'O', 'חטיבה 237', 3, 4, '2020-01-01', '2099-12-31'),
    (238, 'O', 'חטיבה 238', 3, 4, '2020-01-01', '2099-12-31'),
    (239, 'O', 'חטיבה 239', 3, 4, '2020-01-01', '2099-12-31'),
    (240, 'O', 'חטיבה 240', 3, 4, '2020-01-01', '2099-12-31'),
    (241, 'O', 'חטיבה 241', 3, 4, '2020-01-01', '2099-12-31'),
    (242, 'O', 'חטיבה 242', 3, 4, '2020-01-01', '2099-12-31'),
    (243, 'O', 'חטיבה 243', 3, 4, '2020-01-01', '2099-12-31'),
    (244, 'O', 'חטיבה 244', 3, 4, '2020-01-01', '2099-12-31'),
    (245, 'O', 'חטיבה 245', 3, 4, '2020-01-01', '2099-12-31'),
    (246, 'O', 'חטיבה 246', 3, 4, '2020-01-01', '2099-12-31'),
    (247, 'O', 'חטיבה 247', 3, 4, '2020-01-01', '2099-12-31'),
    (248, 'O', 'חטיבה 248', 3, 4, '2020-01-01', '2099-12-31'),
    (249, 'O', 'חטיבה 249', 3, 4, '2020-01-01', '2099-12-31'),
    (250, 'O', 'חטיבה 250', 3, 4, '2020-01-01', '2099-12-31'),
    (251, 'O', 'חטיבה 251', 3, 4, '2020-01-01', '2099-12-31'),
    (252, 'O', 'חטיבה 252', 3, 4, '2020-01-01', '2099-12-31'),
    (253, 'O', 'חטיבה 253', 3, 4, '2020-01-01', '2099-12-31'),
    (254, 'O', 'חטיבה 254', 3, 4, '2020-01-01', '2099-12-31'),
    (255, 'O', 'חטיבה 255', 3, 4, '2020-01-01', '2099-12-31'),
    (256, 'O', 'חטיבה 256', 3, 4, '2020-01-01', '2099-12-31'),
    (257, 'O', 'חטיבה 257', 3, 4, '2020-01-01', '2099-12-31'),
    (258, 'O', 'חטיבה 258', 3, 4, '2020-01-01', '2099-12-31'),
    (259, 'O', 'חטיבה 259', 3, 4, '2020-01-01', '2099-12-31'),
    (260, 'O', 'חטיבה 260', 3, 4, '2020-01-01', '2099-12-31'),
    (261, 'O', 'חטיבה 261', 3, 4, '2020-01-01', '2099-12-31'),
    (262, 'O', 'חטיבה 262', 3, 4, '2020-01-01', '2099-12-31'),
    (263, 'O', 'חטיבה 263', 3, 4, '2020-01-01', '2099-12-31'),
    (264, 'O', 'חטיבה 264', 3, 4, '2020-01-01', '2099-12-31'),
    (265, 'O', 'חטיבה 265', 3, 4, '2020-01-01', '2099-12-31'),
    (266, 'O', 'חטיבה 266', 3, 4, '2020-01-01', '2099-12-31'),
    (267, 'O', 'חטיבה 267', 3, 4, '2020-01-01', '2099-12-31'),
    (268, 'O', 'חטיבה 268', 3, 4, '2020-01-01', '2099-12-31'),
    (269, 'O', 'חטיבה 269', 3, 4, '2020-01-01', '2099-12-31'),
    (270, 'O', 'חטיבה 270', 3, 4, '2020-01-01', '2099-12-31'),
    (271, 'O', 'חטיבה 271', 3, 4, '2020-01-01', '2099-12-31'),
    (272, 'O', 'חטיבה 272', 3, 4, '2020-01-01', '2099-12-31'),
    (273, 'O', 'חטיבה 273', 3, 4, '2020-01-01', '2099-12-31'),
    (274, 'O', 'חטיבה 274', 3, 4, '2020-01-01', '2099-12-31'),
    (275, 'O', 'חטיבה 275', 3, 4, '2020-01-01', '2099-12-31'),
    (276, 'O', 'חטיבה 276', 3, 4, '2020-01-01', '2099-12-31'),
    (277, 'O', 'חטיבה 277', 3, 4, '2020-01-01', '2099-12-31'),
    (278, 'O', 'חטיבה 278', 3, 4, '2020-01-01', '2099-12-31'),
    (279, 'O', 'חטיבה 279', 3, 4, '2020-01-01', '2099-12-31'),
    (280, 'O', 'חטיבה 280', 3, 4, '2020-01-01', '2099-12-31'),
    (281, 'O', 'חטיבה 281', 3, 4, '2020-01-01', '2099-12-31'),
    (282, 'O', 'חטיבה 282', 3, 4, '2020-01-01', '2099-12-31'),
    (283, 'O', 'חטיבה 283', 3, 4, '2020-01-01', '2099-12-31'),
    (284, 'O', 'חטיבה 284', 3, 4, '2020-01-01', '2099-12-31'),
    (285, 'O', 'חטיבה 285', 3, 4, '2020-01-01', '2099-12-31'),
    (286, 'O', 'חטיבה 286', 3, 4, '2020-01-01', '2099-12-31'),
    (287, 'O', 'חטיבה 287', 3, 4, '2020-01-01', '2099-12-31'),
    (288, 'O', 'חטיבה 288', 3, 4, '2020-01-01', '2099-12-31'),
    (289, 'O', 'חטיבה 289', 3, 4, '2020-01-01', '2099-12-31'),
    (290, 'O', 'חטיבה 290', 3, 4, '2020-01-01', '2099-12-31'),
    (291, 'O', 'חטיבה 291', 3, 4, '2020-01-01', '2099-12-31'),
    (292, 'O', 'חטיבה 292', 3, 4, '2020-01-01', '2099-12-31'),
    (293, 'O', 'חטיבה 293', 3, 4, '2020-01-01', '2099-12-31'),
    (294, 'O', 'חטיבה 294', 3, 4, '2020-01-01', '2099-12-31'),
    (295, 'O', 'חטיבה 295', 3, 4, '2020-01-01', '2099-12-31'),
    (296, 'O', 'חטיבה 296', 3, 4, '2020-01-01', '2099-12-31'),
    (297, 'O', 'חטיבה 297', 3, 4, '2020-01-01', '2099-12-31'),
    (298, 'O', 'חטיבה 298', 3, 4, '2020-01-01', '2099-12-31'),
    (299, 'O', 'חטיבה 299', 3, 4, '2020-01-01', '2099-12-31'),
    (300, 'O', 'חטיבה 300', 3, 4, '2020-01-01', '2099-12-31'),
    (301, 'O', 'חטיבה 301', 3, 4, '2020-01-01', '2099-12-31'),
    (302, 'O', 'חטיבה 302', 3, 4, '2020-01-01', '2099-12-31'),
    (303, 'O', 'חטיבה 303', 3, 4, '2020-01-01', '2099-12-31'),
    (304, 'O', 'חטיבה 304', 3, 4, '2020-01-01', '2099-12-31'),
    (305, 'O', 'חטיבה 305', 3, 4, '2020-01-01', '2099-12-31'),
    (306, 'O', 'חטיבה 306', 3, 4, '2020-01-01', '2099-12-31'),
    (307, 'O', 'חטיבה 307', 3, 4, '2020-01-01', '2099-12-31'),
    (308, 'O', 'חטיבה 308', 3, 4, '2020-01-01', '2099-12-31'),
    (309, 'O', 'חטיבה 309', 3, 4, '2020-01-01', '2099-12-31'),
    (310, 'O', 'חטיבה 310', 3, 4, '2020-01-01', '2099-12-31'),
    (311, 'O', 'חטיבה 311', 3, 4, '2020-01-01', '2099-12-31'),
    (312, 'O', 'חטיבה 312', 3, 4, '2020-01-01', '2099-12-31'),
    (313, 'O', 'חטיבה 313', 3, 4, '2020-01-01', '2099-12-31'),
    (314, 'O', 'חטיבה 314', 3, 4, '2020-01-01', '2099-12-31'),
    (315, 'O', 'חטיבה 315', 3, 4, '2020-01-01', '2099-12-31'),
    (316, 'O', 'חטיבה 316', 3, 4, '2020-01-01', '2099-12-31'),
    (317, 'O', 'חטיבה 317', 3, 4, '2020-01-01', '2099-12-31'),
    (318, 'O', 'חטיבה 318', 3, 4, '2020-01-01', '2099-12-31'),
    (319, 'O', 'חטיבה 319', 3, 4, '2020-01-01', '2099-12-31'),
    (320, 'O', 'חטיבה 320', 3, 4, '2020-01-01', '2099-12-31'),
    (321, 'O', 'חטיבה 321', 3, 4, '2020-01-01', '2099-12-31'),
    (322, 'O', 'חטיבה 322', 3, 4, '2020-01-01', '2099-12-31'),
    (323, 'O', 'חטיבה 323', 3, 4, '2020-01-01', '2099-12-31'),
    (324, 'O', 'חטיבה 324', 3, 4, '2020-01-01', '2099-12-31'),
    (325, 'O', 'חטיבה 325', 3, 4, '2020-01-01', '2099-12-31'),
    (326, 'O', 'חטיבה 326', 3, 4, '2020-01-01', '2099-12-31'),
    (327, 'O', 'חטיבה 327', 3, 4, '2020-01-01', '2099-12-31'),
    (328, 'O', 'חטיבה 328', 3, 4, '2020-01-01', '2099-12-31'),
    (329, 'O', 'חטיבה 329', 3, 4, '2020-01-01', '2099-12-31'),
    (330, 'O', 'חטיבה 330', 3, 4, '2020-01-01', '2099-12-31'),
    (331, 'O', 'חטיבה 331', 3, 4, '2020-01-01', '2099-12-31'),
    (332, 'O', 'חטיבה 332', 3, 4, '2020-01-01', '2099-12-31'),
    (333, 'O', 'חטיבה 333', 3, 4, '2020-01-01', '2099-12-31'),
    (334, 'O', 'חטיבה 334', 3, 4, '2020-01-01', '2099-12-31'),
    (335, 'O', 'חטיבה 335', 3, 4, '2020-01-01', '2099-12-31'),
    (336, 'O', 'חטיבה 336', 3, 4, '2020-01-01', '2099-12-31'),
    (337, 'O', 'חטיבה 337', 3, 4, '2020-01-01', '2099-12-31'),
    (338, 'O', 'חטיבה 338', 3, 4, '2020-01-01', '2099-12-31'),
    (339, 'O', 'חטיבה 339', 3, 4, '2020-01-01', '2099-12-31'),
    (340, 'O', 'חטיבה 340', 3, 4, '2020-01-01', '2099-12-31'),
    (341, 'O', 'חטיבה 341', 3, 4, '2020-01-01', '2099-12-31'),
    (342, 'O', 'חטיבה 342', 3, 4, '2020-01-01', '2099-12-31'),
    (343, 'O', 'חטיבה 343', 3, 4, '2020-01-01', '2099-12-31'),
    (344, 'O', 'חטיבה 344', 3, 4, '2020-01-01', '2099-12-31'),
    (345, 'O', 'חטיבה 345', 3, 4, '2020-01-01', '2099-12-31'),
    (346, 'O', 'חטיבה 346', 3, 4, '2020-01-01', '2099-12-31'),
    (347, 'O', 'חטיבה 347', 3, 4, '2020-01-01', '2099-12-31'),
    (348, 'O', 'חטיבה 348', 3, 4, '2020-01-01', '2099-12-31'),
    (349, 'O', 'חטיבה 349', 3, 4, '2020-01-01', '2099-12-31'),
    (350, 'O', 'חטיבה 350', 3, 4, '2020-01-01', '2099-12-31'),
    (351, 'O', 'חטיבה 351', 3, 4, '2020-01-01', '2099-12-31'),
    (352, 'O', 'חטיבה 352', 3, 4, '2020-01-01', '2099-12-31'),
    (353, 'O', 'חטיבה 353', 3, 4, '2020-01-01', '2099-12-31'),
    (354, 'O', 'חטיבה 354', 3, 4, '2020-01-01', '2099-12-31'),
    (355, 'O', 'חטיבה 355', 3, 4, '2020-01-01', '2099-12-31'),
    (356, 'O', 'חטיבה 356', 3, 4, '2020-01-01', '2099-12-31'),
    (357, 'O', 'חטיבה 357', 3, 4, '2020-01-01', '2099-12-31'),
    (358, 'O', 'חטיבה 358', 3, 4, '2020-01-01', '2099-12-31'),
    (359, 'O', 'חטיבה 359', 3, 4, '2020-01-01', '2099-12-31'),
    (360, 'O', 'חטיבה 360', 3, 4, '2020-01-01', '2099-12-31'),
    (361, 'O', 'חטיבה 361', 3, 4, '2020-01-01', '2099-12-31'),
    (362, 'O', 'חטיבה 362', 3, 4, '2020-01-01', '2099-12-31'),
    (363, 'O', 'חטיבה 363', 3, 4, '2020-01-01', '2099-12-31'),
    (364, 'O', 'חטיבה 364', 3, 4, '2020-01-01', '2099-12-31'),
    (365, 'O', 'חטיבה 365', 3, 4, '2020-01-01', '2099-12-31'),
    (366, 'O', 'חטיבה 366', 3, 4, '2020-01-01', '2099-12-31'),
    (367, 'O', 'חטיבה 367', 3, 4, '2020-01-01', '2099-12-31'),
    (368, 'O', 'חטיבה 368', 3, 4, '2020-01-01', '2099-12-31'),
    (369, 'O', 'חטיבה 369', 3, 4, '2020-01-01', '2099-12-31'),
    (370, 'O', 'חטיבה 370', 3, 4, '2020-01-01', '2099-12-31'),
    (371, 'O', 'חטיבה 371', 3, 4, '2020-01-01', '2099-12-31'),
    (372, 'O', 'חטיבה 372', 3, 4, '2020-01-01', '2099-12-31'),
    (373, 'O', 'חטיבה 373', 3, 4, '2020-01-01', '2099-12-31'),
    (374, 'O', 'חטיבה 374', 3, 4, '2020-01-01', '2099-12-31'),
    (375, 'O', 'חטיבה 375', 3, 4, '2020-01-01', '2099-12-31'),
    (376, 'O', 'חטיבה 376', 3, 4, '2020-01-01', '2099-12-31'),
    (377, 'O', 'חטיבה 377', 3, 4, '2020-01-01', '2099-12-31'),
    (378, 'O', 'חטיבה 378', 3, 4, '2020-01-01', '2099-12-31'),
    (379, 'O', 'חטיבה 379', 3, 4, '2020-01-01', '2099-12-31'),
    (380, 'O', 'חטיבה 380', 3, 4, '2020-01-01', '2099-12-31'),
    (381, 'O', 'חטיבה 381', 3, 4, '2020-01-01', '2099-12-31'),
    (382, 'O', 'חטיבה 382', 3, 4, '2020-01-01', '2099-12-31'),
    (383, 'O', 'חטיבה 383', 3, 4, '2020-01-01', '2099-12-31'),
    (384, 'O', 'חטיבה 384', 3, 4, '2020-01-01', '2099-12-31'),
    (385, 'O', 'חטיבה 385', 3, 4, '2020-01-01', '2099-12-31'),
    (386, 'O', 'חטיבה 386', 3, 4, '2020-01-01', '2099-12-31'),
    (387, 'O', 'חטיבה 387', 3, 4, '2020-01-01', '2099-12-31'),
    (388, 'O', 'חטיבה 388', 3, 4, '2020-01-01', '2099-12-31'),
    (389, 'O', 'חטיבה 389', 3, 4, '2020-01-01', '2099-12-31'),
    (390, 'O', 'חטיבה 390', 3, 4, '2020-01-01', '2099-12-31'),
    (391, 'O', 'חטיבה 391', 3, 4, '2020-01-01', '2099-12-31'),
    (392, 'O', 'חטיבה 392', 3, 4, '2020-01-01', '2099-12-31'),
    (393, 'O', 'חטיבה 393', 3, 4, '2020-01-01', '2099-12-31'),
    (394, 'O', 'חטיבה 394', 3, 4, '2020-01-01', '2099-12-31'),
    (395, 'O', 'חטיבה 395', 3, 4, '2020-01-01', '2099-12-31'),
    (396, 'O', 'חטיבה 396', 3, 4, '2020-01-01', '2099-12-31'),
    (397, 'O', 'חטיבה 397', 3, 4, '2020-01-01', '2099-12-31'),
    (398, 'O', 'חטיבה 398', 3, 4, '2020-01-01', '2099-12-31'),
    (399, 'O', 'חטיבה 399', 3, 4, '2020-01-01', '2099-12-31'),
    (400, 'O', 'חטיבה 400', 3, 4, '2020-01-01', '2099-12-31'),
    (401, 'O', 'גדוד 401', 4, 5, '2020-01-01', '2099-12-31'),
    (402, 'O', 'גדוד 402', 4, 5, '2020-01-01', '2099-12-31'),
    (403, 'O', 'גדוד 403', 4, 5, '2020-01-01', '2099-12-31'),
    (404, 'O', 'גדוד 404', 4, 5, '2020-01-01', '2099-12-31'),
    (405, 'O', 'גדוד 405', 4, 5, '2020-01-01', '2099-12-31'),
    (406, 'O', 'גדוד 406', 4, 5, '2020-01-01', '2099-12-31'),
    (407, 'O', 'גדוד 407', 4, 5, '2020-01-01', '2099-12-31'),
    (408, 'O', 'גדוד 408', 4, 5, '2020-01-01', '2099-12-31'),
    (409, 'O', 'גדוד 409', 4, 5, '2020-01-01', '2099-12-31'),
    (410, 'O', 'גדוד 410', 4, 5, '2020-01-01', '2099-12-31'),
    (411, 'O', 'גדוד 411', 4, 5, '2020-01-01', '2099-12-31'),
    (412, 'O', 'גדוד 412', 4, 5, '2020-01-01', '2099-12-31'),
    (413, 'O', 'גדוד 413', 4, 5, '2020-01-01', '2099-12-31'),
    (414, 'O', 'גדוד 414', 4, 5, '2020-01-01', '2099-12-31'),
    (415, 'O', 'גדוד 415', 4, 5, '2020-01-01', '2099-12-31'),
    (416, 'O', 'גדוד 416', 4, 5, '2020-01-01', '2099-12-31'),
    (417, 'O', 'גדוד 417', 4, 5, '2020-01-01', '2099-12-31'),
    (418, 'O', 'גדוד 418', 4, 5, '2020-01-01', '2099-12-31'),
    (419, 'O', 'גדוד 419', 4, 5, '2020-01-01', '2099-12-31'),
    (420, 'O', 'גדוד 420', 4, 5, '2020-01-01', '2099-12-31'),
    (421, 'O', 'גדוד 421', 4, 5, '2020-01-01', '2099-12-31'),
    (422, 'O', 'גדוד 422', 4, 5, '2020-01-01', '2099-12-31'),
    (423, 'O', 'גדוד 423', 4, 5, '2020-01-01', '2099-12-31'),
    (424, 'O', 'גדוד 424', 4, 5, '2020-01-01', '2099-12-31'),
    (425, 'O', 'גדוד 425', 4, 5, '2020-01-01', '2099-12-31'),
    (426, 'O', 'גדוד 426', 4, 5, '2020-01-01', '2099-12-31'),
    (427, 'O', 'גדוד 427', 4, 5, '2020-01-01', '2099-12-31'),
    (428, 'O', 'גדוד 428', 4, 5, '2020-01-01', '2099-12-31'),
    (429, 'O', 'גדוד 429', 4, 5, '2020-01-01', '2099-12-31'),
    (430, 'O', 'גדוד 430', 4, 5, '2020-01-01', '2099-12-31'),
    (431, 'O', 'גדוד 431', 4, 5, '2020-01-01', '2099-12-31'),
    (432, 'O', 'גדוד 432', 4, 5, '2020-01-01', '2099-12-31'),
    (433, 'O', 'גדוד 433', 4, 5, '2020-01-01', '2099-12-31'),
    (434, 'O', 'גדוד 434', 4, 5, '2020-01-01', '2099-12-31'),
    (435, 'O', 'גדוד 435', 4, 5, '2020-01-01', '2099-12-31'),
    (436, 'O', 'גדוד 436', 4, 5, '2020-01-01', '2099-12-31'),
    (437, 'O', 'גדוד 437', 4, 5, '2020-01-01', '2099-12-31'),
    (438, 'O', 'גדוד 438', 4, 5, '2020-01-01', '2099-12-31'),
    (439, 'O', 'גדוד 439', 4, 5, '2020-01-01', '2099-12-31'),
    (440, 'O', 'גדוד 440', 4, 5, '2020-01-01', '2099-12-31'),
    (441, 'O', 'גדוד 441', 4, 5, '2020-01-01', '2099-12-31'),
    (442, 'O', 'גדוד 442', 4, 5, '2020-01-01', '2099-12-31'),
    (443, 'O', 'גדוד 443', 4, 5, '2020-01-01', '2099-12-31'),
    (444, 'O', 'גדוד 444', 4, 5, '2020-01-01', '2099-12-31'),
    (445, 'O', 'גדוד 445', 4, 5, '2020-01-01', '2099-12-31'),
    (446, 'O', 'גדוד 446', 4, 5, '2020-01-01', '2099-12-31'),
    (447, 'O', 'גדוד 447', 4, 5, '2020-01-01', '2099-12-31'),
    (448, 'O', 'גדוד 448', 4, 5, '2020-01-01', '2099-12-31'),
    (449, 'O', 'גדוד 449', 4, 5, '2020-01-01', '2099-12-31'),
    (450, 'O', 'גדוד 450', 4, 5, '2020-01-01', '2099-12-31'),
    (451, 'O', 'גדוד 451', 4, 5, '2020-01-01', '2099-12-31'),
    (452, 'O', 'גדוד 452', 4, 5, '2020-01-01', '2099-12-31'),
    (453, 'O', 'גדוד 453', 4, 5, '2020-01-01', '2099-12-31'),
    (454, 'O', 'גדוד 454', 4, 5, '2020-01-01', '2099-12-31'),
    (455, 'O', 'גדוד 455', 4, 5, '2020-01-01', '2099-12-31'),
    (456, 'O', 'גדוד 456', 4, 5, '2020-01-01', '2099-12-31'),
    (457, 'O', 'גדוד 457', 4, 5, '2020-01-01', '2099-12-31'),
    (458, 'O', 'גדוד 458', 4, 5, '2020-01-01', '2099-12-31'),
    (459, 'O', 'גדוד 459', 4, 5, '2020-01-01', '2099-12-31'),
    (460, 'O', 'גדוד 460', 4, 5, '2020-01-01', '2099-12-31'),
    (461, 'O', 'גדוד 461', 4, 5, '2020-01-01', '2099-12-31'),
    (462, 'O', 'גדוד 462', 4, 5, '2020-01-01', '2099-12-31'),
    (463, 'O', 'גדוד 463', 4, 5, '2020-01-01', '2099-12-31'),
    (464, 'O', 'גדוד 464', 4, 5, '2020-01-01', '2099-12-31'),
    (465, 'O', 'גדוד 465', 4, 5, '2020-01-01', '2099-12-31'),
    (466, 'O', 'גדוד 466', 4, 5, '2020-01-01', '2099-12-31'),
    (467, 'O', 'גדוד 467', 4, 5, '2020-01-01', '2099-12-31'),
    (468, 'O', 'גדוד 468', 4, 5, '2020-01-01', '2099-12-31'),
    (469, 'O', 'גדוד 469', 4, 5, '2020-01-01', '2099-12-31'),
    (470, 'O', 'גדוד 470', 4, 5, '2020-01-01', '2099-12-31'),
    (471, 'O', 'גדוד 471', 4, 5, '2020-01-01', '2099-12-31'),
    (472, 'O', 'גדוד 472', 4, 5, '2020-01-01', '2099-12-31'),
    (473, 'O', 'גדוד 473', 4, 5, '2020-01-01', '2099-12-31'),
    (474, 'O', 'גדוד 474', 4, 5, '2020-01-01', '2099-12-31'),
    (475, 'O', 'גדוד 475', 4, 5, '2020-01-01', '2099-12-31'),
    (476, 'O', 'גדוד 476', 4, 5, '2020-01-01', '2099-12-31'),
    (477, 'O', 'גדוד 477', 4, 5, '2020-01-01', '2099-12-31'),
    (478, 'O', 'גדוד 478', 4, 5, '2020-01-01', '2099-12-31'),
    (479, 'O', 'גדוד 479', 4, 5, '2020-01-01', '2099-12-31'),
    (480, 'O', 'גדוד 480', 4, 5, '2020-01-01', '2099-12-31'),
    (481, 'O', 'גדוד 481', 4, 5, '2020-01-01', '2099-12-31'),
    (482, 'O', 'גדוד 482', 4, 5, '2020-01-01', '2099-12-31'),
    (483, 'O', 'גדוד 483', 4, 5, '2020-01-01', '2099-12-31'),
    (484, 'O', 'גדוד 484', 4, 5, '2020-01-01', '2099-12-31'),
    (485, 'O', 'גדוד 485', 4, 5, '2020-01-01', '2099-12-31'),
    (486, 'O', 'גדוד 486', 4, 5, '2020-01-01', '2099-12-31'),
    (487, 'O', 'גדוד 487', 4, 5, '2020-01-01', '2099-12-31'),
    (488, 'O', 'גדוד 488', 4, 5, '2020-01-01', '2099-12-31'),
    (489, 'O', 'גדוד 489', 4, 5, '2020-01-01', '2099-12-31'),
    (490, 'O', 'גדוד 490', 4, 5, '2020-01-01', '2099-12-31'),
    (491, 'O', 'גדוד 491', 4, 5, '2020-01-01', '2099-12-31'),
    (492, 'O', 'גדוד 492', 4, 5, '2020-01-01', '2099-12-31'),
    (493, 'O', 'גדוד 493', 4, 5, '2020-01-01', '2099-12-31'),
    (494, 'O', 'גדוד 494', 4, 5, '2020-01-01', '2099-12-31'),
    (495, 'O', 'גדוד 495', 4, 5, '2020-01-01', '2099-12-31'),
    (496, 'O', 'גדוד 496', 4, 5, '2020-01-01', '2099-12-31'),
    (497, 'O', 'גדוד 497', 4, 5, '2020-01-01', '2099-12-31'),
    (498, 'O', 'גדוד 498', 4, 5, '2020-01-01', '2099-12-31'),
    (499, 'O', 'גדוד 499', 4, 5, '2020-01-01', '2099-12-31'),
    (500, 'O', 'גדוד 500', 4, 5, '2020-01-01', '2099-12-31'),
    (501, 'O', 'גדוד 501', 4, 5, '2020-01-01', '2099-12-31'),
    (502, 'O', 'גדוד 502', 4, 5, '2020-01-01', '2099-12-31'),
    (503, 'O', 'גדוד 503', 4, 5, '2020-01-01', '2099-12-31'),
    (504, 'O', 'גדוד 504', 4, 5, '2020-01-01', '2099-12-31'),
    (505, 'O', 'גדוד 505', 4, 5, '2020-01-01', '2099-12-31'),
    (506, 'O', 'גדוד 506', 4, 5, '2020-01-01', '2099-12-31'),
    (507, 'O', 'גדוד 507', 4, 5, '2020-01-01', '2099-12-31'),
    (508, 'O', 'גדוד 508', 4, 5, '2020-01-01', '2099-12-31'),
    (509, 'O', 'גדוד 509', 4, 5, '2020-01-01', '2099-12-31'),
    (510, 'O', 'גדוד 510', 4, 5, '2020-01-01', '2099-12-31'),
    (511, 'O', 'גדוד 511', 4, 5, '2020-01-01', '2099-12-31'),
    (512, 'O', 'גדוד 512', 4, 5, '2020-01-01', '2099-12-31'),
    (513, 'O', 'גדוד 513', 4, 5, '2020-01-01', '2099-12-31'),
    (514, 'O', 'גדוד 514', 4, 5, '2020-01-01', '2099-12-31'),
    (515, 'O', 'גדוד 515', 4, 5, '2020-01-01', '2099-12-31'),
    (516, 'O', 'גדוד 516', 4, 5, '2020-01-01', '2099-12-31'),
    (517, 'O', 'גדוד 517', 4, 5, '2020-01-01', '2099-12-31'),
    (518, 'O', 'גדוד 518', 4, 5, '2020-01-01', '2099-12-31'),
    (519, 'O', 'גדוד 519', 4, 5, '2020-01-01', '2099-12-31'),
    (520, 'O', 'גדוד 520', 4, 5, '2020-01-01', '2099-12-31'),
    (521, 'O', 'גדוד 521', 4, 5, '2020-01-01', '2099-12-31'),
    (522, 'O', 'גדוד 522', 4, 5, '2020-01-01', '2099-12-31'),
    (523, 'O', 'גדוד 523', 4, 5, '2020-01-01', '2099-12-31'),
    (524, 'O', 'גדוד 524', 4, 5, '2020-01-01', '2099-12-31'),
    (525, 'O', 'גדוד 525', 4, 5, '2020-01-01', '2099-12-31'),
    (526, 'O', 'גדוד 526', 4, 5, '2020-01-01', '2099-12-31'),
    (527, 'O', 'גדוד 527', 4, 5, '2020-01-01', '2099-12-31'),
    (528, 'O', 'גדוד 528', 4, 5, '2020-01-01', '2099-12-31'),
    (529, 'O', 'גדוד 529', 4, 5, '2020-01-01', '2099-12-31'),
    (530, 'O', 'גדוד 530', 4, 5, '2020-01-01', '2099-12-31'),
    (531, 'O', 'גדוד 531', 4, 5, '2020-01-01', '2099-12-31'),
    (532, 'O', 'גדוד 532', 4, 5, '2020-01-01', '2099-12-31'),
    (533, 'O', 'גדוד 533', 4, 5, '2020-01-01', '2099-12-31'),
    (534, 'O', 'גדוד 534', 4, 5, '2020-01-01', '2099-12-31'),
    (535, 'O', 'גדוד 535', 4, 5, '2020-01-01', '2099-12-31'),
    (536, 'O', 'גדוד 536', 4, 5, '2020-01-01', '2099-12-31'),
    (537, 'O', 'גדוד 537', 4, 5, '2020-01-01', '2099-12-31'),
    (538, 'O', 'גדוד 538', 4, 5, '2020-01-01', '2099-12-31'),
    (539, 'O', 'גדוד 539', 4, 5, '2020-01-01', '2099-12-31'),
    (540, 'O', 'גדוד 540', 4, 5, '2020-01-01', '2099-12-31'),
    (541, 'O', 'גדוד 541', 4, 5, '2020-01-01', '2099-12-31'),
    (542, 'O', 'גדוד 542', 4, 5, '2020-01-01', '2099-12-31'),
    (543, 'O', 'גדוד 543', 4, 5, '2020-01-01', '2099-12-31'),
    (544, 'O', 'גדוד 544', 4, 5, '2020-01-01', '2099-12-31'),
    (545, 'O', 'גדוד 545', 4, 5, '2020-01-01', '2099-12-31'),
    (546, 'O', 'גדוד 546', 4, 5, '2020-01-01', '2099-12-31'),
    (547, 'O', 'גדוד 547', 4, 5, '2020-01-01', '2099-12-31'),
    (548, 'O', 'גדוד 548', 4, 5, '2020-01-01', '2099-12-31'),
    (549, 'O', 'גדוד 549', 4, 5, '2020-01-01', '2099-12-31'),
    (550, 'O', 'גדוד 550', 4, 5, '2020-01-01', '2099-12-31'),
    (551, 'O', 'גדוד 551', 4, 5, '2020-01-01', '2099-12-31'),
    (552, 'O', 'גדוד 552', 4, 5, '2020-01-01', '2099-12-31'),
    (553, 'O', 'גדוד 553', 4, 5, '2020-01-01', '2099-12-31'),
    (554, 'O', 'גדוד 554', 4, 5, '2020-01-01', '2099-12-31'),
    (555, 'O', 'גדוד 555', 4, 5, '2020-01-01', '2099-12-31'),
    (556, 'O', 'גדוד 556', 4, 5, '2020-01-01', '2099-12-31'),
    (557, 'O', 'גדוד 557', 4, 5, '2020-01-01', '2099-12-31'),
    (558, 'O', 'גדוד 558', 4, 5, '2020-01-01', '2099-12-31'),
    (559, 'O', 'גדוד 559', 4, 5, '2020-01-01', '2099-12-31'),
    (560, 'O', 'גדוד 560', 4, 5, '2020-01-01', '2099-12-31'),
    (561, 'O', 'גדוד 561', 4, 5, '2020-01-01', '2099-12-31'),
    (562, 'O', 'גדוד 562', 4, 5, '2020-01-01', '2099-12-31'),
    (563, 'O', 'גדוד 563', 4, 5, '2020-01-01', '2099-12-31'),
    (564, 'O', 'גדוד 564', 4, 5, '2020-01-01', '2099-12-31'),
    (565, 'O', 'גדוד 565', 4, 5, '2020-01-01', '2099-12-31'),
    (566, 'O', 'גדוד 566', 4, 5, '2020-01-01', '2099-12-31'),
    (567, 'O', 'גדוד 567', 4, 5, '2020-01-01', '2099-12-31'),
    (568, 'O', 'גדוד 568', 4, 5, '2020-01-01', '2099-12-31'),
    (569, 'O', 'גדוד 569', 4, 5, '2020-01-01', '2099-12-31'),
    (570, 'O', 'גדוד 570', 4, 5, '2020-01-01', '2099-12-31'),
    (571, 'O', 'גדוד 571', 4, 5, '2020-01-01', '2099-12-31'),
    (572, 'O', 'גדוד 572', 4, 5, '2020-01-01', '2099-12-31'),
    (573, 'O', 'גדוד 573', 4, 5, '2020-01-01', '2099-12-31'),
    (574, 'O', 'גדוד 574', 4, 5, '2020-01-01', '2099-12-31'),
    (575, 'O', 'גדוד 575', 4, 5, '2020-01-01', '2099-12-31'),
    (576, 'O', 'גדוד 576', 4, 5, '2020-01-01', '2099-12-31'),
    (577, 'O', 'גדוד 577', 4, 5, '2020-01-01', '2099-12-31'),
    (578, 'O', 'גדוד 578', 4, 5, '2020-01-01', '2099-12-31'),
    (579, 'O', 'גדוד 579', 4, 5, '2020-01-01', '2099-12-31'),
    (580, 'O', 'גדוד 580', 4, 5, '2020-01-01', '2099-12-31'),
    (581, 'O', 'גדוד 581', 4, 5, '2020-01-01', '2099-12-31'),
    (582, 'O', 'גדוד 582', 4, 5, '2020-01-01', '2099-12-31'),
    (583, 'O', 'גדוד 583', 4, 5, '2020-01-01', '2099-12-31'),
    (584, 'O', 'גדוד 584', 4, 5, '2020-01-01', '2099-12-31'),
    (585, 'O', 'גדוד 585', 4, 5, '2020-01-01', '2099-12-31'),
    (586, 'O', 'גדוד 586', 4, 5, '2020-01-01', '2099-12-31'),
    (587, 'O', 'גדוד 587', 4, 5, '2020-01-01', '2099-12-31'),
    (588, 'O', 'גדוד 588', 4, 5, '2020-01-01', '2099-12-31'),
    (589, 'O', 'גדוד 589', 4, 5, '2020-01-01', '2099-12-31'),
    (590, 'O', 'גדוד 590', 4, 5, '2020-01-01', '2099-12-31'),
    (591, 'O', 'גדוד 591', 4, 5, '2020-01-01', '2099-12-31'),
    (592, 'O', 'גדוד 592', 4, 5, '2020-01-01', '2099-12-31'),
    (593, 'O', 'גדוד 593', 4, 5, '2020-01-01', '2099-12-31'),
    (594, 'O', 'גדוד 594', 4, 5, '2020-01-01', '2099-12-31'),
    (595, 'O', 'גדוד 595', 4, 5, '2020-01-01', '2099-12-31'),
    (596, 'O', 'גדוד 596', 4, 5, '2020-01-01', '2099-12-31'),
    (597, 'O', 'גדוד 597', 4, 5, '2020-01-01', '2099-12-31'),
    (598, 'O', 'גדוד 598', 4, 5, '2020-01-01', '2099-12-31'),
    (599, 'O', 'גדוד 599', 4, 5, '2020-01-01', '2099-12-31'),
    (600, 'O', 'גדוד 600', 4, 5, '2020-01-01', '2099-12-31'),
    (601, 'O', 'גדוד 601', 4, 5, '2020-01-01', '2099-12-31'),
    (602, 'O', 'גדוד 602', 4, 5, '2020-01-01', '2099-12-31'),
    (603, 'O', 'גדוד 603', 4, 5, '2020-01-01', '2099-12-31'),
    (604, 'O', 'גדוד 604', 4, 5, '2020-01-01', '2099-12-31'),
    (605, 'O', 'גדוד 605', 4, 5, '2020-01-01', '2099-12-31'),
    (606, 'O', 'גדוד 606', 4, 5, '2020-01-01', '2099-12-31'),
    (607, 'O', 'גדוד 607', 4, 5, '2020-01-01', '2099-12-31'),
    (608, 'O', 'גדוד 608', 4, 5, '2020-01-01', '2099-12-31'),
    (609, 'O', 'גדוד 609', 4, 5, '2020-01-01', '2099-12-31'),
    (610, 'O', 'גדוד 610', 4, 5, '2020-01-01', '2099-12-31'),
    (611, 'O', 'גדוד 611', 4, 5, '2020-01-01', '2099-12-31'),
    (612, 'O', 'גדוד 612', 4, 5, '2020-01-01', '2099-12-31'),
    (613, 'O', 'גדוד 613', 4, 5, '2020-01-01', '2099-12-31'),
    (614, 'O', 'גדוד 614', 4, 5, '2020-01-01', '2099-12-31'),
    (615, 'O', 'גדוד 615', 4, 5, '2020-01-01', '2099-12-31'),
    (616, 'O', 'גדוד 616', 4, 5, '2020-01-01', '2099-12-31'),
    (617, 'O', 'גדוד 617', 4, 5, '2020-01-01', '2099-12-31'),
    (618, 'O', 'גדוד 618', 4, 5, '2020-01-01', '2099-12-31'),
    (619, 'O', 'גדוד 619', 4, 5, '2020-01-01', '2099-12-31'),
    (620, 'O', 'גדוד 620', 4, 5, '2020-01-01', '2099-12-31'),
    (621, 'O', 'גדוד 621', 4, 5, '2020-01-01', '2099-12-31'),
    (622, 'O', 'גדוד 622', 4, 5, '2020-01-01', '2099-12-31'),
    (623, 'O', 'גדוד 623', 4, 5, '2020-01-01', '2099-12-31'),
    (624, 'O', 'גדוד 624', 4, 5, '2020-01-01', '2099-12-31'),
    (625, 'O', 'גדוד 625', 4, 5, '2020-01-01', '2099-12-31'),
    (626, 'O', 'גדוד 626', 4, 5, '2020-01-01', '2099-12-31'),
    (627, 'O', 'גדוד 627', 4, 5, '2020-01-01', '2099-12-31'),
    (628, 'O', 'גדוד 628', 4, 5, '2020-01-01', '2099-12-31'),
    (629, 'O', 'גדוד 629', 4, 5, '2020-01-01', '2099-12-31'),
    (630, 'O', 'גדוד 630', 4, 5, '2020-01-01', '2099-12-31'),
    (631, 'O', 'גדוד 631', 4, 5, '2020-01-01', '2099-12-31'),
    (632, 'O', 'גדוד 632', 4, 5, '2020-01-01', '2099-12-31'),
    (633, 'O', 'גדוד 633', 4, 5, '2020-01-01', '2099-12-31'),
    (634, 'O', 'גדוד 634', 4, 5, '2020-01-01', '2099-12-31'),
    (635, 'O', 'גדוד 635', 4, 5, '2020-01-01', '2099-12-31'),
    (636, 'O', 'גדוד 636', 4, 5, '2020-01-01', '2099-12-31'),
    (637, 'O', 'גדוד 637', 4, 5, '2020-01-01', '2099-12-31'),
    (638, 'O', 'גדוד 638', 4, 5, '2020-01-01', '2099-12-31'),
    (639, 'O', 'גדוד 639', 4, 5, '2020-01-01', '2099-12-31'),
    (640, 'O', 'גדוד 640', 4, 5, '2020-01-01', '2099-12-31'),
    (641, 'O', 'גדוד 641', 4, 5, '2020-01-01', '2099-12-31'),
    (642, 'O', 'גדוד 642', 4, 5, '2020-01-01', '2099-12-31'),
    (643, 'O', 'גדוד 643', 4, 5, '2020-01-01', '2099-12-31'),
    (644, 'O', 'גדוד 644', 4, 5, '2020-01-01', '2099-12-31'),
    (645, 'O', 'גדוד 645', 4, 5, '2020-01-01', '2099-12-31'),
    (646, 'O', 'גדוד 646', 4, 5, '2020-01-01', '2099-12-31'),
    (647, 'O', 'גדוד 647', 4, 5, '2020-01-01', '2099-12-31'),
    (648, 'O', 'גדוד 648', 4, 5, '2020-01-01', '2099-12-31'),
    (649, 'O', 'גדוד 649', 4, 5, '2020-01-01', '2099-12-31'),
    (650, 'O', 'גדוד 650', 4, 5, '2020-01-01', '2099-12-31'),
    (651, 'O', 'גדוד 651', 4, 5, '2020-01-01', '2099-12-31'),
    (652, 'O', 'גדוד 652', 4, 5, '2020-01-01', '2099-12-31'),
    (653, 'O', 'גדוד 653', 4, 5, '2020-01-01', '2099-12-31'),
    (654, 'O', 'גדוד 654', 4, 5, '2020-01-01', '2099-12-31'),
    (655, 'O', 'גדוד 655', 4, 5, '2020-01-01', '2099-12-31'),
    (656, 'O', 'גדוד 656', 4, 5, '2020-01-01', '2099-12-31'),
    (657, 'O', 'גדוד 657', 4, 5, '2020-01-01', '2099-12-31'),
    (658, 'O', 'גדוד 658', 4, 5, '2020-01-01', '2099-12-31'),
    (659, 'O', 'גדוד 659', 4, 5, '2020-01-01', '2099-12-31'),
    (660, 'O', 'גדוד 660', 4, 5, '2020-01-01', '2099-12-31'),
    (661, 'O', 'גדוד 661', 4, 5, '2020-01-01', '2099-12-31'),
    (662, 'O', 'גדוד 662', 4, 5, '2020-01-01', '2099-12-31'),
    (663, 'O', 'גדוד 663', 4, 5, '2020-01-01', '2099-12-31'),
    (664, 'O', 'גדוד 664', 4, 5, '2020-01-01', '2099-12-31'),
    (665, 'O', 'גדוד 665', 4, 5, '2020-01-01', '2099-12-31'),
    (666, 'O', 'גדוד 666', 4, 5, '2020-01-01', '2099-12-31'),
    (667, 'O', 'גדוד 667', 4, 5, '2020-01-01', '2099-12-31'),
    (668, 'O', 'גדוד 668', 4, 5, '2020-01-01', '2099-12-31'),
    (669, 'O', 'גדוד 669', 4, 5, '2020-01-01', '2099-12-31'),
    (670, 'O', 'גדוד 670', 4, 5, '2020-01-01', '2099-12-31'),
    (671, 'O', 'גדוד 671', 4, 5, '2020-01-01', '2099-12-31'),
    (672, 'O', 'גדוד 672', 4, 5, '2020-01-01', '2099-12-31'),
    (673, 'O', 'גדוד 673', 4, 5, '2020-01-01', '2099-12-31'),
    (674, 'O', 'גדוד 674', 4, 5, '2020-01-01', '2099-12-31'),
    (675, 'O', 'גדוד 675', 4, 5, '2020-01-01', '2099-12-31'),
    (676, 'O', 'גדוד 676', 4, 5, '2020-01-01', '2099-12-31'),
    (677, 'O', 'גדוד 677', 4, 5, '2020-01-01', '2099-12-31'),
    (678, 'O', 'גדוד 678', 4, 5, '2020-01-01', '2099-12-31'),
    (679, 'O', 'גדוד 679', 4, 5, '2020-01-01', '2099-12-31'),
    (680, 'O', 'גדוד 680', 4, 5, '2020-01-01', '2099-12-31'),
    (681, 'O', 'גדוד 681', 4, 5, '2020-01-01', '2099-12-31'),
    (682, 'O', 'גדוד 682', 4, 5, '2020-01-01', '2099-12-31'),
    (683, 'O', 'גדוד 683', 4, 5, '2020-01-01', '2099-12-31'),
    (684, 'O', 'גדוד 684', 4, 5, '2020-01-01', '2099-12-31'),
    (685, 'O', 'גדוד 685', 4, 5, '2020-01-01', '2099-12-31'),
    (686, 'O', 'גדוד 686', 4, 5, '2020-01-01', '2099-12-31'),
    (687, 'O', 'גדוד 687', 4, 5, '2020-01-01', '2099-12-31'),
    (688, 'O', 'גדוד 688', 4, 5, '2020-01-01', '2099-12-31'),
    (689, 'O', 'גדוד 689', 4, 5, '2020-01-01', '2099-12-31'),
    (690, 'O', 'גדוד 690', 4, 5, '2020-01-01', '2099-12-31'),
    (691, 'O', 'גדוד 691', 4, 5, '2020-01-01', '2099-12-31'),
    (692, 'O', 'גדוד 692', 4, 5, '2020-01-01', '2099-12-31'),
    (693, 'O', 'גדוד 693', 4, 5, '2020-01-01', '2099-12-31'),
    (694, 'O', 'גדוד 694', 4, 5, '2020-01-01', '2099-12-31'),
    (695, 'O', 'גדוד 695', 4, 5, '2020-01-01', '2099-12-31'),
    (696, 'O', 'גדוד 696', 4, 5, '2020-01-01', '2099-12-31'),
    (697, 'O', 'גדוד 697', 4, 5, '2020-01-01', '2099-12-31'),
    (698, 'O', 'גדוד 698', 4, 5, '2020-01-01', '2099-12-31'),
    (699, 'O', 'גדוד 699', 4, 5, '2020-01-01', '2099-12-31'),
    (700, 'O', 'גדוד 700', 4, 5, '2020-01-01', '2099-12-31'),
    (701, 'O', 'גדוד 701', 4, 5, '2020-01-01', '2099-12-31'),
    (702, 'O', 'גדוד 702', 4, 5, '2020-01-01', '2099-12-31'),
    (703, 'O', 'גדוד 703', 4, 5, '2020-01-01', '2099-12-31'),
    (704, 'O', 'גדוד 704', 4, 5, '2020-01-01', '2099-12-31'),
    (705, 'O', 'גדוד 705', 4, 5, '2020-01-01', '2099-12-31'),
    (706, 'O', 'גדוד 706', 4, 5, '2020-01-01', '2099-12-31'),
    (707, 'O', 'גדוד 707', 4, 5, '2020-01-01', '2099-12-31'),
    (708, 'O', 'גדוד 708', 4, 5, '2020-01-01', '2099-12-31'),
    (709, 'O', 'גדוד 709', 4, 5, '2020-01-01', '2099-12-31'),
    (710, 'O', 'גדוד 710', 4, 5, '2020-01-01', '2099-12-31'),
    (711, 'O', 'גדוד 711', 4, 5, '2020-01-01', '2099-12-31'),
    (712, 'O', 'גדוד 712', 4, 5, '2020-01-01', '2099-12-31'),
    (713, 'O', 'גדוד 713', 4, 5, '2020-01-01', '2099-12-31'),
    (714, 'O', 'גדוד 714', 4, 5, '2020-01-01', '2099-12-31'),
    (715, 'O', 'גדוד 715', 4, 5, '2020-01-01', '2099-12-31'),
    (716, 'O', 'גדוד 716', 4, 5, '2020-01-01', '2099-12-31'),
    (717, 'O', 'גדוד 717', 4, 5, '2020-01-01', '2099-12-31'),
    (718, 'O', 'גדוד 718', 4, 5, '2020-01-01', '2099-12-31'),
    (719, 'O', 'גדוד 719', 4, 5, '2020-01-01', '2099-12-31'),
    (720, 'O', 'גדוד 720', 4, 5, '2020-01-01', '2099-12-31'),
    (721, 'O', 'גדוד 721', 4, 5, '2020-01-01', '2099-12-31'),
    (722, 'O', 'גדוד 722', 4, 5, '2020-01-01', '2099-12-31'),
    (723, 'O', 'גדוד 723', 4, 5, '2020-01-01', '2099-12-31'),
    (724, 'O', 'גדוד 724', 4, 5, '2020-01-01', '2099-12-31'),
    (725, 'O', 'גדוד 725', 4, 5, '2020-01-01', '2099-12-31'),
    (726, 'O', 'גדוד 726', 4, 5, '2020-01-01', '2099-12-31'),
    (727, 'O', 'גדוד 727', 4, 5, '2020-01-01', '2099-12-31'),
    (728, 'O', 'גדוד 728', 4, 5, '2020-01-01', '2099-12-31'),
    (729, 'O', 'גדוד 729', 4, 5, '2020-01-01', '2099-12-31'),
    (730, 'O', 'גדוד 730', 4, 5, '2020-01-01', '2099-12-31'),
    (731, 'O', 'גדוד 731', 4, 5, '2020-01-01', '2099-12-31'),
    (732, 'O', 'גדוד 732', 4, 5, '2020-01-01', '2099-12-31'),
    (733, 'O', 'גדוד 733', 4, 5, '2020-01-01', '2099-12-31'),
    (734, 'O', 'גדוד 734', 4, 5, '2020-01-01', '2099-12-31'),
    (735, 'O', 'גדוד 735', 4, 5, '2020-01-01', '2099-12-31'),
    (736, 'O', 'גדוד 736', 4, 5, '2020-01-01', '2099-12-31'),
    (737, 'O', 'גדוד 737', 4, 5, '2020-01-01', '2099-12-31'),
    (738, 'O', 'גדוד 738', 4, 5, '2020-01-01', '2099-12-31'),
    (739, 'O', 'גדוד 739', 4, 5, '2020-01-01', '2099-12-31'),
    (740, 'O', 'גדוד 740', 4, 5, '2020-01-01', '2099-12-31'),
    (741, 'O', 'גדוד 741', 4, 5, '2020-01-01', '2099-12-31'),
    (742, 'O', 'גדוד 742', 4, 5, '2020-01-01', '2099-12-31'),
    (743, 'O', 'גדוד 743', 4, 5, '2020-01-01', '2099-12-31'),
    (744, 'O', 'גדוד 744', 4, 5, '2020-01-01', '2099-12-31'),
    (745, 'O', 'גדוד 745', 4, 5, '2020-01-01', '2099-12-31'),
    (746, 'O', 'גדוד 746', 4, 5, '2020-01-01', '2099-12-31'),
    (747, 'O', 'גדוד 747', 4, 5, '2020-01-01', '2099-12-31'),
    (748, 'O', 'גדוד 748', 4, 5, '2020-01-01', '2099-12-31'),
    (749, 'O', 'גדוד 749', 4, 5, '2020-01-01', '2099-12-31'),
    (750, 'O', 'גדוד 750', 4, 5, '2020-01-01', '2099-12-31'),
    (751, 'O', 'גדוד 751', 4, 5, '2020-01-01', '2099-12-31'),
    (752, 'O', 'גדוד 752', 4, 5, '2020-01-01', '2099-12-31'),
    (753, 'O', 'גדוד 753', 4, 5, '2020-01-01', '2099-12-31'),
    (754, 'O', 'גדוד 754', 4, 5, '2020-01-01', '2099-12-31'),
    (755, 'O', 'גדוד 755', 4, 5, '2020-01-01', '2099-12-31'),
    (756, 'O', 'גדוד 756', 4, 5, '2020-01-01', '2099-12-31'),
    (757, 'O', 'גדוד 757', 4, 5, '2020-01-01', '2099-12-31'),
    (758, 'O', 'גדוד 758', 4, 5, '2020-01-01', '2099-12-31'),
    (759, 'O', 'גדוד 759', 4, 5, '2020-01-01', '2099-12-31'),
    (760, 'O', 'גדוד 760', 4, 5, '2020-01-01', '2099-12-31'),
    (761, 'O', 'גדוד 761', 4, 5, '2020-01-01', '2099-12-31'),
    (762, 'O', 'גדוד 762', 4, 5, '2020-01-01', '2099-12-31'),
    (763, 'O', 'גדוד 763', 4, 5, '2020-01-01', '2099-12-31'),
    (764, 'O', 'גדוד 764', 4, 5, '2020-01-01', '2099-12-31'),
    (765, 'O', 'גדוד 765', 4, 5, '2020-01-01', '2099-12-31'),
    (766, 'O', 'גדוד 766', 4, 5, '2020-01-01', '2099-12-31'),
    (767, 'O', 'גדוד 767', 4, 5, '2020-01-01', '2099-12-31'),
    (768, 'O', 'גדוד 768', 4, 5, '2020-01-01', '2099-12-31'),
    (769, 'O', 'גדוד 769', 4, 5, '2020-01-01', '2099-12-31'),
    (770, 'O', 'גדוד 770', 4, 5, '2020-01-01', '2099-12-31'),
    (771, 'O', 'גדוד 771', 4, 5, '2020-01-01', '2099-12-31'),
    (772, 'O', 'גדוד 772', 4, 5, '2020-01-01', '2099-12-31'),
    (773, 'O', 'גדוד 773', 4, 5, '2020-01-01', '2099-12-31'),
    (774, 'O', 'גדוד 774', 4, 5, '2020-01-01', '2099-12-31'),
    (775, 'O', 'גדוד 775', 4, 5, '2020-01-01', '2099-12-31'),
    (776, 'O', 'גדוד 776', 4, 5, '2020-01-01', '2099-12-31'),
    (777, 'O', 'גדוד 777', 4, 5, '2020-01-01', '2099-12-31'),
    (778, 'O', 'גדוד 778', 4, 5, '2020-01-01', '2099-12-31'),
    (779, 'O', 'גדוד 779', 4, 5, '2020-01-01', '2099-12-31'),
    (780, 'O', 'גדוד 780', 4, 5, '2020-01-01', '2099-12-31'),
    (781, 'O', 'גדוד 781', 4, 5, '2020-01-01', '2099-12-31'),
    (782, 'O', 'גדוד 782', 4, 5, '2020-01-01', '2099-12-31'),
    (783, 'O', 'גדוד 783', 4, 5, '2020-01-01', '2099-12-31'),
    (784, 'O', 'גדוד 784', 4, 5, '2020-01-01', '2099-12-31'),
    (785, 'O', 'גדוד 785', 4, 5, '2020-01-01', '2099-12-31'),
    (786, 'O', 'גדוד 786', 4, 5, '2020-01-01', '2099-12-31'),
    (787, 'O', 'גדוד 787', 4, 5, '2020-01-01', '2099-12-31'),
    (788, 'O', 'גדוד 788', 4, 5, '2020-01-01', '2099-12-31'),
    (789, 'O', 'גדוד 789', 4, 5, '2020-01-01', '2099-12-31'),
    (790, 'O', 'גדוד 790', 4, 5, '2020-01-01', '2099-12-31'),
    (791, 'O', 'גדוד 791', 4, 5, '2020-01-01', '2099-12-31'),
    (792, 'O', 'גדוד 792', 4, 5, '2020-01-01', '2099-12-31'),
    (793, 'O', 'גדוד 793', 4, 5, '2020-01-01', '2099-12-31'),
    (794, 'O', 'גדוד 794', 4, 5, '2020-01-01', '2099-12-31'),
    (795, 'O', 'גדוד 795', 4, 5, '2020-01-01', '2099-12-31'),
    (796, 'O', 'גדוד 796', 4, 5, '2020-01-01', '2099-12-31'),
    (797, 'O', 'גדוד 797', 4, 5, '2020-01-01', '2099-12-31'),
    (798, 'O', 'גדוד 798', 4, 5, '2020-01-01', '2099-12-31'),
    (799, 'O', 'גדוד 799', 4, 5, '2020-01-01', '2099-12-31'),
    (800, 'O', 'גדוד 800', 4, 5, '2020-01-01', '2099-12-31'),
    (801, 'O', 'גדוד 801', 4, 5, '2020-01-01', '2099-12-31'),
    (802, 'O', 'גדוד 802', 4, 5, '2020-01-01', '2099-12-31'),
    (803, 'O', 'גדוד 803', 4, 5, '2020-01-01', '2099-12-31'),
    (804, 'O', 'גדוד 804', 4, 5, '2020-01-01', '2099-12-31'),
    (805, 'O', 'גדוד 805', 4, 5, '2020-01-01', '2099-12-31'),
    (806, 'O', 'גדוד 806', 4, 5, '2020-01-01', '2099-12-31'),
    (807, 'O', 'גדוד 807', 4, 5, '2020-01-01', '2099-12-31'),
    (808, 'O', 'גדוד 808', 4, 5, '2020-01-01', '2099-12-31'),
    (809, 'O', 'גדוד 809', 4, 5, '2020-01-01', '2099-12-31'),
    (810, 'O', 'גדוד 810', 4, 5, '2020-01-01', '2099-12-31'),
    (811, 'O', 'גדוד 811', 4, 5, '2020-01-01', '2099-12-31'),
    (812, 'O', 'גדוד 812', 4, 5, '2020-01-01', '2099-12-31'),
    (813, 'O', 'גדוד 813', 4, 5, '2020-01-01', '2099-12-31'),
    (814, 'O', 'גדוד 814', 4, 5, '2020-01-01', '2099-12-31'),
    (815, 'O', 'גדוד 815', 4, 5, '2020-01-01', '2099-12-31'),
    (816, 'O', 'גדוד 816', 4, 5, '2020-01-01', '2099-12-31'),
    (817, 'O', 'גדוד 817', 4, 5, '2020-01-01', '2099-12-31'),
    (818, 'O', 'גדוד 818', 4, 5, '2020-01-01', '2099-12-31'),
    (819, 'O', 'גדוד 819', 4, 5, '2020-01-01', '2099-12-31'),
    (820, 'O', 'גדוד 820', 4, 5, '2020-01-01', '2099-12-31'),
    (821, 'O', 'גדוד 821', 4, 5, '2020-01-01', '2099-12-31'),
    (822, 'O', 'גדוד 822', 4, 5, '2020-01-01', '2099-12-31'),
    (823, 'O', 'גדוד 823', 4, 5, '2020-01-01', '2099-12-31'),
    (824, 'O', 'גדוד 824', 4, 5, '2020-01-01', '2099-12-31'),
    (825, 'O', 'גדוד 825', 4, 5, '2020-01-01', '2099-12-31'),
    (826, 'O', 'גדוד 826', 4, 5, '2020-01-01', '2099-12-31'),
    (827, 'O', 'גדוד 827', 4, 5, '2020-01-01', '2099-12-31'),
    (828, 'O', 'גדוד 828', 4, 5, '2020-01-01', '2099-12-31'),
    (829, 'O', 'גדוד 829', 4, 5, '2020-01-01', '2099-12-31'),
    (830, 'O', 'גדוד 830', 4, 5, '2020-01-01', '2099-12-31'),
    (831, 'O', 'גדוד 831', 4, 5, '2020-01-01', '2099-12-31'),
    (832, 'O', 'גדוד 832', 4, 5, '2020-01-01', '2099-12-31'),
    (833, 'O', 'גדוד 833', 4, 5, '2020-01-01', '2099-12-31'),
    (834, 'O', 'גדוד 834', 4, 5, '2020-01-01', '2099-12-31'),
    (835, 'O', 'גדוד 835', 4, 5, '2020-01-01', '2099-12-31'),
    (836, 'O', 'גדוד 836', 4, 5, '2020-01-01', '2099-12-31'),
    (837, 'O', 'גדוד 837', 4, 5, '2020-01-01', '2099-12-31'),
    (838, 'O', 'גדוד 838', 4, 5, '2020-01-01', '2099-12-31'),
    (839, 'O', 'גדוד 839', 4, 5, '2020-01-01', '2099-12-31'),
    (840, 'O', 'גדוד 840', 4, 5, '2020-01-01', '2099-12-31'),
    (841, 'O', 'גדוד 841', 4, 5, '2020-01-01', '2099-12-31'),
    (842, 'O', 'גדוד 842', 4, 5, '2020-01-01', '2099-12-31'),
    (843, 'O', 'גדוד 843', 4, 5, '2020-01-01', '2099-12-31'),
    (844, 'O', 'גדוד 844', 4, 5, '2020-01-01', '2099-12-31'),
    (845, 'O', 'גדוד 845', 4, 5, '2020-01-01', '2099-12-31'),
    (846, 'O', 'גדוד 846', 4, 5, '2020-01-01', '2099-12-31'),
    (847, 'O', 'גדוד 847', 4, 5, '2020-01-01', '2099-12-31'),
    (848, 'O', 'גדוד 848', 4, 5, '2020-01-01', '2099-12-31'),
    (849, 'O', 'גדוד 849', 4, 5, '2020-01-01', '2099-12-31'),
    (850, 'O', 'גדוד 850', 4, 5, '2020-01-01', '2099-12-31'),
    (851, 'O', 'גדוד 851', 4, 5, '2020-01-01', '2099-12-31'),
    (852, 'O', 'גדוד 852', 4, 5, '2020-01-01', '2099-12-31'),
    (853, 'O', 'גדוד 853', 4, 5, '2020-01-01', '2099-12-31'),
    (854, 'O', 'גדוד 854', 4, 5, '2020-01-01', '2099-12-31'),
    (855, 'O', 'גדוד 855', 4, 5, '2020-01-01', '2099-12-31'),
    (856, 'O', 'גדוד 856', 4, 5, '2020-01-01', '2099-12-31'),
    (857, 'O', 'גדוד 857', 4, 5, '2020-01-01', '2099-12-31'),
    (858, 'O', 'גדוד 858', 4, 5, '2020-01-01', '2099-12-31'),
    (859, 'O', 'גדוד 859', 4, 5, '2020-01-01', '2099-12-31'),
    (860, 'O', 'גדוד 860', 4, 5, '2020-01-01', '2099-12-31'),
    (861, 'O', 'גדוד 861', 4, 5, '2020-01-01', '2099-12-31'),
    (862, 'O', 'גדוד 862', 4, 5, '2020-01-01', '2099-12-31'),
    (863, 'O', 'גדוד 863', 4, 5, '2020-01-01', '2099-12-31'),
    (864, 'O', 'גדוד 864', 4, 5, '2020-01-01', '2099-12-31'),
    (865, 'O', 'גדוד 865', 4, 5, '2020-01-01', '2099-12-31'),
    (866, 'O', 'גדוד 866', 4, 5, '2020-01-01', '2099-12-31'),
    (867, 'O', 'גדוד 867', 4, 5, '2020-01-01', '2099-12-31'),
    (868, 'O', 'גדוד 868', 4, 5, '2020-01-01', '2099-12-31'),
    (869, 'O', 'גדוד 869', 4, 5, '2020-01-01', '2099-12-31'),
    (870, 'O', 'גדוד 870', 4, 5, '2020-01-01', '2099-12-31'),
    (871, 'O', 'גדוד 871', 4, 5, '2020-01-01', '2099-12-31'),
    (872, 'O', 'גדוד 872', 4, 5, '2020-01-01', '2099-12-31'),
    (873, 'O', 'גדוד 873', 4, 5, '2020-01-01', '2099-12-31'),
    (874, 'O', 'גדוד 874', 4, 5, '2020-01-01', '2099-12-31'),
    (875, 'O', 'גדוד 875', 4, 5, '2020-01-01', '2099-12-31'),
    (876, 'O', 'גדוד 876', 4, 5, '2020-01-01', '2099-12-31'),
    (877, 'O', 'גדוד 877', 4, 5, '2020-01-01', '2099-12-31'),
    (878, 'O', 'גדוד 878', 4, 5, '2020-01-01', '2099-12-31'),
    (879, 'O', 'גדוד 879', 4, 5, '2020-01-01', '2099-12-31'),
    (880, 'O', 'גדוד 880', 4, 5, '2020-01-01', '2099-12-31'),
    (881, 'O', 'גדוד 881', 4, 5, '2020-01-01', '2099-12-31'),
    (882, 'O', 'גדוד 882', 4, 5, '2020-01-01', '2099-12-31'),
    (883, 'O', 'גדוד 883', 4, 5, '2020-01-01', '2099-12-31'),
    (884, 'O', 'גדוד 884', 4, 5, '2020-01-01', '2099-12-31'),
    (885, 'O', 'גדוד 885', 4, 5, '2020-01-01', '2099-12-31'),
    (886, 'O', 'גדוד 886', 4, 5, '2020-01-01', '2099-12-31'),
    (887, 'O', 'גדוד 887', 4, 5, '2020-01-01', '2099-12-31'),
    (888, 'O', 'גדוד 888', 4, 5, '2020-01-01', '2099-12-31'),
    (889, 'O', 'גדוד 889', 4, 5, '2020-01-01', '2099-12-31'),
    (890, 'O', 'גדוד 890', 4, 5, '2020-01-01', '2099-12-31'),
    (891, 'O', 'גדוד 891', 4, 5, '2020-01-01', '2099-12-31'),
    (892, 'O', 'גדוד 892', 4, 5, '2020-01-01', '2099-12-31'),
    (893, 'O', 'גדוד 893', 4, 5, '2020-01-01', '2099-12-31'),
    (894, 'O', 'גדוד 894', 4, 5, '2020-01-01', '2099-12-31'),
    (895, 'O', 'גדוד 895', 4, 5, '2020-01-01', '2099-12-31'),
    (896, 'O', 'גדוד 896', 4, 5, '2020-01-01', '2099-12-31'),
    (897, 'O', 'גדוד 897', 4, 5, '2020-01-01', '2099-12-31'),
    (898, 'O', 'גדוד 898', 4, 5, '2020-01-01', '2099-12-31'),
    (899, 'O', 'גדוד 899', 4, 5, '2020-01-01', '2099-12-31'),
    (900, 'O', 'גדוד 900', 4, 5, '2020-01-01', '2099-12-31'),
    (901, 'O', 'גדוד 901', 4, 5, '2020-01-01', '2099-12-31'),
    (902, 'O', 'גדוד 902', 4, 5, '2020-01-01', '2099-12-31'),
    (903, 'O', 'גדוד 903', 4, 5, '2020-01-01', '2099-12-31'),
    (904, 'O', 'גדוד 904', 4, 5, '2020-01-01', '2099-12-31'),
    (905, 'O', 'גדוד 905', 4, 5, '2020-01-01', '2099-12-31'),
    (906, 'O', 'גדוד 906', 4, 5, '2020-01-01', '2099-12-31'),
    (907, 'O', 'גדוד 907', 4, 5, '2020-01-01', '2099-12-31'),
    (908, 'O', 'גדוד 908', 4, 5, '2020-01-01', '2099-12-31'),
    (909, 'O', 'גדוד 909', 4, 5, '2020-01-01', '2099-12-31'),
    (910, 'O', 'גדוד 910', 4, 5, '2020-01-01', '2099-12-31'),
    (911, 'O', 'גדוד 911', 4, 5, '2020-01-01', '2099-12-31'),
    (912, 'O', 'גדוד 912', 4, 5, '2020-01-01', '2099-12-31'),
    (913, 'O', 'גדוד 913', 4, 5, '2020-01-01', '2099-12-31'),
    (914, 'O', 'גדוד 914', 4, 5, '2020-01-01', '2099-12-31'),
    (915, 'O', 'גדוד 915', 4, 5, '2020-01-01', '2099-12-31'),
    (916, 'O', 'גדוד 916', 4, 5, '2020-01-01', '2099-12-31'),
    (917, 'O', 'גדוד 917', 4, 5, '2020-01-01', '2099-12-31'),
    (918, 'O', 'גדוד 918', 4, 5, '2020-01-01', '2099-12-31'),
    (919, 'O', 'גדוד 919', 4, 5, '2020-01-01', '2099-12-31'),
    (920, 'O', 'גדוד 920', 4, 5, '2020-01-01', '2099-12-31'),
    (921, 'O', 'גדוד 921', 4, 5, '2020-01-01', '2099-12-31'),
    (922, 'O', 'גדוד 922', 4, 5, '2020-01-01', '2099-12-31'),
    (923, 'O', 'גדוד 923', 4, 5, '2020-01-01', '2099-12-31'),
    (924, 'O', 'גדוד 924', 4, 5, '2020-01-01', '2099-12-31'),
    (925, 'O', 'גדוד 925', 4, 5, '2020-01-01', '2099-12-31'),
    (926, 'O', 'גדוד 926', 4, 5, '2020-01-01', '2099-12-31'),
    (927, 'O', 'גדוד 927', 4, 5, '2020-01-01', '2099-12-31'),
    (928, 'O', 'גדוד 928', 4, 5, '2020-01-01', '2099-12-31'),
    (929, 'O', 'גדוד 929', 4, 5, '2020-01-01', '2099-12-31'),
    (930, 'O', 'גדוד 930', 4, 5, '2020-01-01', '2099-12-31'),
    (931, 'O', 'גדוד 931', 4, 5, '2020-01-01', '2099-12-31'),
    (932, 'O', 'גדוד 932', 4, 5, '2020-01-01', '2099-12-31'),
    (933, 'O', 'גדוד 933', 4, 5, '2020-01-01', '2099-12-31'),
    (934, 'O', 'גדוד 934', 4, 5, '2020-01-01', '2099-12-31'),
    (935, 'O', 'גדוד 935', 4, 5, '2020-01-01', '2099-12-31'),
    (936, 'O', 'גדוד 936', 4, 5, '2020-01-01', '2099-12-31'),
    (937, 'O', 'גדוד 937', 4, 5, '2020-01-01', '2099-12-31'),
    (938, 'O', 'גדוד 938', 4, 5, '2020-01-01', '2099-12-31'),
    (939, 'O', 'גדוד 939', 4, 5, '2020-01-01', '2099-12-31'),
    (940, 'O', 'גדוד 940', 4, 5, '2020-01-01', '2099-12-31'),
    (941, 'O', 'גדוד 941', 4, 5, '2020-01-01', '2099-12-31'),
    (942, 'O', 'גדוד 942', 4, 5, '2020-01-01', '2099-12-31'),
    (943, 'O', 'גדוד 943', 4, 5, '2020-01-01', '2099-12-31'),
    (944, 'O', 'גדוד 944', 4, 5, '2020-01-01', '2099-12-31'),
    (945, 'O', 'גדוד 945', 4, 5, '2020-01-01', '2099-12-31'),
    (946, 'O', 'גדוד 946', 4, 5, '2020-01-01', '2099-12-31'),
    (947, 'O', 'גדוד 947', 4, 5, '2020-01-01', '2099-12-31'),
    (948, 'O', 'גדוד 948', 4, 5, '2020-01-01', '2099-12-31'),
    (949, 'O', 'גדוד 949', 4, 5, '2020-01-01', '2099-12-31'),
    (950, 'O', 'גדוד 950', 4, 5, '2020-01-01', '2099-12-31'),
    (951, 'O', 'גדוד 951', 4, 5, '2020-01-01', '2099-12-31'),
    (952, 'O', 'גדוד 952', 4, 5, '2020-01-01', '2099-12-31'),
    (953, 'O', 'גדוד 953', 4, 5, '2020-01-01', '2099-12-31'),
    (954, 'O', 'גדוד 954', 4, 5, '2020-01-01', '2099-12-31'),
    (955, 'O', 'גדוד 955', 4, 5, '2020-01-01', '2099-12-31'),
    (956, 'O', 'גדוד 956', 4, 5, '2020-01-01', '2099-12-31'),
    (957, 'O', 'גדוד 957', 4, 5, '2020-01-01', '2099-12-31'),
    (958, 'O', 'גדוד 958', 4, 5, '2020-01-01', '2099-12-31'),
    (959, 'O', 'גדוד 959', 4, 5, '2020-01-01', '2099-12-31'),
    (960, 'O', 'גדוד 960', 4, 5, '2020-01-01', '2099-12-31'),
    (961, 'O', 'גדוד 961', 4, 5, '2020-01-01', '2099-12-31'),
    (962, 'O', 'גדוד 962', 4, 5, '2020-01-01', '2099-12-31'),
    (963, 'O', 'גדוד 963', 4, 5, '2020-01-01', '2099-12-31'),
    (964, 'O', 'גדוד 964', 4, 5, '2020-01-01', '2099-12-31'),
    (965, 'O', 'גדוד 965', 4, 5, '2020-01-01', '2099-12-31'),
    (966, 'O', 'גדוד 966', 4, 5, '2020-01-01', '2099-12-31'),
    (967, 'O', 'גדוד 967', 4, 5, '2020-01-01', '2099-12-31'),
    (968, 'O', 'גדוד 968', 4, 5, '2020-01-01', '2099-12-31'),
    (969, 'O', 'גדוד 969', 4, 5, '2020-01-01', '2099-12-31'),
    (970, 'O', 'גדוד 970', 4, 5, '2020-01-01', '2099-12-31'),
    (971, 'O', 'גדוד 971', 4, 5, '2020-01-01', '2099-12-31'),
    (972, 'O', 'גדוד 972', 4, 5, '2020-01-01', '2099-12-31'),
    (973, 'O', 'גדוד 973', 4, 5, '2020-01-01', '2099-12-31'),
    (974, 'O', 'גדוד 974', 4, 5, '2020-01-01', '2099-12-31'),
    (975, 'O', 'גדוד 975', 4, 5, '2020-01-01', '2099-12-31'),
    (976, 'O', 'גדוד 976', 4, 5, '2020-01-01', '2099-12-31'),
    (977, 'O', 'גדוד 977', 4, 5, '2020-01-01', '2099-12-31'),
    (978, 'O', 'גדוד 978', 4, 5, '2020-01-01', '2099-12-31'),
    (979, 'O', 'גדוד 979', 4, 5, '2020-01-01', '2099-12-31'),
    (980, 'O', 'גדוד 980', 4, 5, '2020-01-01', '2099-12-31'),
    (981, 'O', 'גדוד 981', 4, 5, '2020-01-01', '2099-12-31'),
    (982, 'O', 'גדוד 982', 4, 5, '2020-01-01', '2099-12-31'),
    (983, 'O', 'גדוד 983', 4, 5, '2020-01-01', '2099-12-31'),
    (984, 'O', 'גדוד 984', 4, 5, '2020-01-01', '2099-12-31'),
    (985, 'O', 'גדוד 985', 4, 5, '2020-01-01', '2099-12-31'),
    (986, 'O', 'גדוד 986', 4, 5, '2020-01-01', '2099-12-31'),
    (987, 'O', 'גדוד 987', 4, 5, '2020-01-01', '2099-12-31'),
    (988, 'O', 'גדוד 988', 4, 5, '2020-01-01', '2099-12-31'),
    (989, 'O', 'גדוד 989', 4, 5, '2020-01-01', '2099-12-31'),
    (990, 'O', 'גדוד 990', 4, 5, '2020-01-01', '2099-12-31'),
    (991, 'O', 'גדוד 991', 4, 5, '2020-01-01', '2099-12-31'),
    (992, 'O', 'גדוד 992', 4, 5, '2020-01-01', '2099-12-31'),
    (993, 'O', 'גדוד 993', 4, 5, '2020-01-01', '2099-12-31'),
    (994, 'O', 'גדוד 994', 4, 5, '2020-01-01', '2099-12-31'),
    (995, 'O', 'גדוד 995', 4, 5, '2020-01-01', '2099-12-31'),
    (996, 'O', 'גדוד 996', 4, 5, '2020-01-01', '2099-12-31'),
    (997, 'O', 'גדוד 997', 4, 5, '2020-01-01', '2099-12-31'),
    (998, 'O', 'גדוד 998', 4, 5, '2020-01-01', '2099-12-31'),
    (999, 'O', 'גדוד 999', 4, 5, '2020-01-01', '2099-12-31'),
    (1000, 'O', 'גדוד 1000', 4, 5, '2020-01-01', '2099-12-31');

INSERT INTO public.units_relations (unit_id, unit_object_type, related_unit_id, related_unit_object_type, unit_relation_id, start_date, end_date) VALUES
    (1, 'O', 2, 'O', '1', '2020-01-01', '2099-12-31'),
    (1, 'O', 3, 'O', '1', '2020-01-01', '2099-12-31'),
    (1, 'O', 4, 'O', '1', '2020-01-01', '2099-12-31'),
    (1, 'O', 5, 'O', '1', '2020-01-01', '2099-12-31'),
    (1, 'O', 6, 'O', '1', '2020-01-01', '2099-12-31'),
    (1, 'O', 7, 'O', '1', '2020-01-01', '2099-12-31'),
    (1, 'O', 8, 'O', '1', '2020-01-01', '2099-12-31'),
    (1, 'O', 9, 'O', '1', '2020-01-01', '2099-12-31'),
    (1, 'O', 10, 'O', '1', '2020-01-01', '2099-12-31'),
    (2, 'O', 11, 'O', '1', '2020-01-01', '2099-12-31'),
    (3, 'O', 12, 'O', '1', '2020-01-01', '2099-12-31'),
    (4, 'O', 13, 'O', '1', '2020-01-01', '2099-12-31'),
    (5, 'O', 14, 'O', '1', '2020-01-01', '2099-12-31'),
    (6, 'O', 15, 'O', '1', '2020-01-01', '2099-12-31'),
    (7, 'O', 16, 'O', '1', '2020-01-01', '2099-12-31'),
    (8, 'O', 17, 'O', '1', '2020-01-01', '2099-12-31'),
    (9, 'O', 18, 'O', '1', '2020-01-01', '2099-12-31'),
    (10, 'O', 19, 'O', '1', '2020-01-01', '2099-12-31'),
    (2, 'O', 20, 'O', '1', '2020-01-01', '2099-12-31'),
    (3, 'O', 21, 'O', '1', '2020-01-01', '2099-12-31'),
    (4, 'O', 22, 'O', '1', '2020-01-01', '2099-12-31'),
    (5, 'O', 23, 'O', '1', '2020-01-01', '2099-12-31'),
    (6, 'O', 24, 'O', '1', '2020-01-01', '2099-12-31'),
    (7, 'O', 25, 'O', '1', '2020-01-01', '2099-12-31'),
    (8, 'O', 26, 'O', '1', '2020-01-01', '2099-12-31'),
    (9, 'O', 27, 'O', '1', '2020-01-01', '2099-12-31'),
    (10, 'O', 28, 'O', '1', '2020-01-01', '2099-12-31'),
    (2, 'O', 29, 'O', '1', '2020-01-01', '2099-12-31'),
    (3, 'O', 30, 'O', '1', '2020-01-01', '2099-12-31'),
    (4, 'O', 31, 'O', '1', '2020-01-01', '2099-12-31'),
    (5, 'O', 32, 'O', '1', '2020-01-01', '2099-12-31'),
    (6, 'O', 33, 'O', '1', '2020-01-01', '2099-12-31'),
    (7, 'O', 34, 'O', '1', '2020-01-01', '2099-12-31'),
    (8, 'O', 35, 'O', '1', '2020-01-01', '2099-12-31'),
    (9, 'O', 36, 'O', '1', '2020-01-01', '2099-12-31'),
    (10, 'O', 37, 'O', '1', '2020-01-01', '2099-12-31'),
    (2, 'O', 38, 'O', '1', '2020-01-01', '2099-12-31'),
    (3, 'O', 39, 'O', '1', '2020-01-01', '2099-12-31'),
    (4, 'O', 40, 'O', '1', '2020-01-01', '2099-12-31'),
    (5, 'O', 41, 'O', '1', '2020-01-01', '2099-12-31'),
    (6, 'O', 42, 'O', '1', '2020-01-01', '2099-12-31'),
    (7, 'O', 43, 'O', '1', '2020-01-01', '2099-12-31'),
    (8, 'O', 44, 'O', '1', '2020-01-01', '2099-12-31'),
    (9, 'O', 45, 'O', '1', '2020-01-01', '2099-12-31'),
    (10, 'O', 46, 'O', '1', '2020-01-01', '2099-12-31'),
    (2, 'O', 47, 'O', '1', '2020-01-01', '2099-12-31'),
    (3, 'O', 48, 'O', '1', '2020-01-01', '2099-12-31'),
    (4, 'O', 49, 'O', '1', '2020-01-01', '2099-12-31'),
    (5, 'O', 50, 'O', '1', '2020-01-01', '2099-12-31'),
    (6, 'O', 51, 'O', '1', '2020-01-01', '2099-12-31'),
    (7, 'O', 52, 'O', '1', '2020-01-01', '2099-12-31'),
    (8, 'O', 53, 'O', '1', '2020-01-01', '2099-12-31'),
    (9, 'O', 54, 'O', '1', '2020-01-01', '2099-12-31'),
    (10, 'O', 55, 'O', '1', '2020-01-01', '2099-12-31'),
    (2, 'O', 56, 'O', '1', '2020-01-01', '2099-12-31'),
    (3, 'O', 57, 'O', '1', '2020-01-01', '2099-12-31'),
    (4, 'O', 58, 'O', '1', '2020-01-01', '2099-12-31'),
    (5, 'O', 59, 'O', '1', '2020-01-01', '2099-12-31'),
    (6, 'O', 60, 'O', '1', '2020-01-01', '2099-12-31'),
    (7, 'O', 61, 'O', '1', '2020-01-01', '2099-12-31'),
    (8, 'O', 62, 'O', '1', '2020-01-01', '2099-12-31'),
    (9, 'O', 63, 'O', '1', '2020-01-01', '2099-12-31'),
    (10, 'O', 64, 'O', '1', '2020-01-01', '2099-12-31'),
    (2, 'O', 65, 'O', '1', '2020-01-01', '2099-12-31'),
    (3, 'O', 66, 'O', '1', '2020-01-01', '2099-12-31'),
    (4, 'O', 67, 'O', '1', '2020-01-01', '2099-12-31'),
    (5, 'O', 68, 'O', '1', '2020-01-01', '2099-12-31'),
    (6, 'O', 69, 'O', '1', '2020-01-01', '2099-12-31'),
    (7, 'O', 70, 'O', '1', '2020-01-01', '2099-12-31'),
    (8, 'O', 71, 'O', '1', '2020-01-01', '2099-12-31'),
    (9, 'O', 72, 'O', '1', '2020-01-01', '2099-12-31'),
    (10, 'O', 73, 'O', '1', '2020-01-01', '2099-12-31'),
    (2, 'O', 74, 'O', '1', '2020-01-01', '2099-12-31'),
    (3, 'O', 75, 'O', '1', '2020-01-01', '2099-12-31'),
    (4, 'O', 76, 'O', '1', '2020-01-01', '2099-12-31'),
    (5, 'O', 77, 'O', '1', '2020-01-01', '2099-12-31'),
    (6, 'O', 78, 'O', '1', '2020-01-01', '2099-12-31'),
    (7, 'O', 79, 'O', '1', '2020-01-01', '2099-12-31'),
    (8, 'O', 80, 'O', '1', '2020-01-01', '2099-12-31'),
    (9, 'O', 81, 'O', '1', '2020-01-01', '2099-12-31'),
    (10, 'O', 82, 'O', '1', '2020-01-01', '2099-12-31'),
    (2, 'O', 83, 'O', '1', '2020-01-01', '2099-12-31'),
    (3, 'O', 84, 'O', '1', '2020-01-01', '2099-12-31'),
    (4, 'O', 85, 'O', '1', '2020-01-01', '2099-12-31'),
    (5, 'O', 86, 'O', '1', '2020-01-01', '2099-12-31'),
    (6, 'O', 87, 'O', '1', '2020-01-01', '2099-12-31'),
    (7, 'O', 88, 'O', '1', '2020-01-01', '2099-12-31'),
    (8, 'O', 89, 'O', '1', '2020-01-01', '2099-12-31'),
    (9, 'O', 90, 'O', '1', '2020-01-01', '2099-12-31'),
    (10, 'O', 91, 'O', '1', '2020-01-01', '2099-12-31'),
    (2, 'O', 92, 'O', '1', '2020-01-01', '2099-12-31'),
    (3, 'O', 93, 'O', '1', '2020-01-01', '2099-12-31'),
    (4, 'O', 94, 'O', '1', '2020-01-01', '2099-12-31'),
    (5, 'O', 95, 'O', '1', '2020-01-01', '2099-12-31'),
    (6, 'O', 96, 'O', '1', '2020-01-01', '2099-12-31'),
    (7, 'O', 97, 'O', '1', '2020-01-01', '2099-12-31'),
    (8, 'O', 98, 'O', '1', '2020-01-01', '2099-12-31'),
    (9, 'O', 99, 'O', '1', '2020-01-01', '2099-12-31'),
    (10, 'O', 100, 'O', '1', '2020-01-01', '2099-12-31'),
    (11, 'O', 101, 'O', '1', '2020-01-01', '2099-12-31'),
    (12, 'O', 102, 'O', '1', '2020-01-01', '2099-12-31'),
    (13, 'O', 103, 'O', '1', '2020-01-01', '2099-12-31'),
    (14, 'O', 104, 'O', '1', '2020-01-01', '2099-12-31'),
    (15, 'O', 105, 'O', '1', '2020-01-01', '2099-12-31'),
    (16, 'O', 106, 'O', '1', '2020-01-01', '2099-12-31'),
    (17, 'O', 107, 'O', '1', '2020-01-01', '2099-12-31'),
    (18, 'O', 108, 'O', '1', '2020-01-01', '2099-12-31'),
    (19, 'O', 109, 'O', '1', '2020-01-01', '2099-12-31'),
    (20, 'O', 110, 'O', '1', '2020-01-01', '2099-12-31'),
    (21, 'O', 111, 'O', '1', '2020-01-01', '2099-12-31'),
    (22, 'O', 112, 'O', '1', '2020-01-01', '2099-12-31'),
    (23, 'O', 113, 'O', '1', '2020-01-01', '2099-12-31'),
    (24, 'O', 114, 'O', '1', '2020-01-01', '2099-12-31'),
    (25, 'O', 115, 'O', '1', '2020-01-01', '2099-12-31'),
    (26, 'O', 116, 'O', '1', '2020-01-01', '2099-12-31'),
    (27, 'O', 117, 'O', '1', '2020-01-01', '2099-12-31'),
    (28, 'O', 118, 'O', '1', '2020-01-01', '2099-12-31'),
    (29, 'O', 119, 'O', '1', '2020-01-01', '2099-12-31'),
    (30, 'O', 120, 'O', '1', '2020-01-01', '2099-12-31'),
    (31, 'O', 121, 'O', '1', '2020-01-01', '2099-12-31'),
    (32, 'O', 122, 'O', '1', '2020-01-01', '2099-12-31'),
    (33, 'O', 123, 'O', '1', '2020-01-01', '2099-12-31'),
    (34, 'O', 124, 'O', '1', '2020-01-01', '2099-12-31'),
    (35, 'O', 125, 'O', '1', '2020-01-01', '2099-12-31'),
    (36, 'O', 126, 'O', '1', '2020-01-01', '2099-12-31'),
    (37, 'O', 127, 'O', '1', '2020-01-01', '2099-12-31'),
    (38, 'O', 128, 'O', '1', '2020-01-01', '2099-12-31'),
    (39, 'O', 129, 'O', '1', '2020-01-01', '2099-12-31'),
    (40, 'O', 130, 'O', '1', '2020-01-01', '2099-12-31'),
    (41, 'O', 131, 'O', '1', '2020-01-01', '2099-12-31'),
    (42, 'O', 132, 'O', '1', '2020-01-01', '2099-12-31'),
    (43, 'O', 133, 'O', '1', '2020-01-01', '2099-12-31'),
    (44, 'O', 134, 'O', '1', '2020-01-01', '2099-12-31'),
    (45, 'O', 135, 'O', '1', '2020-01-01', '2099-12-31'),
    (46, 'O', 136, 'O', '1', '2020-01-01', '2099-12-31'),
    (47, 'O', 137, 'O', '1', '2020-01-01', '2099-12-31'),
    (48, 'O', 138, 'O', '1', '2020-01-01', '2099-12-31'),
    (49, 'O', 139, 'O', '1', '2020-01-01', '2099-12-31'),
    (50, 'O', 140, 'O', '1', '2020-01-01', '2099-12-31'),
    (51, 'O', 141, 'O', '1', '2020-01-01', '2099-12-31'),
    (52, 'O', 142, 'O', '1', '2020-01-01', '2099-12-31'),
    (53, 'O', 143, 'O', '1', '2020-01-01', '2099-12-31'),
    (54, 'O', 144, 'O', '1', '2020-01-01', '2099-12-31'),
    (55, 'O', 145, 'O', '1', '2020-01-01', '2099-12-31'),
    (56, 'O', 146, 'O', '1', '2020-01-01', '2099-12-31'),
    (57, 'O', 147, 'O', '1', '2020-01-01', '2099-12-31'),
    (58, 'O', 148, 'O', '1', '2020-01-01', '2099-12-31'),
    (59, 'O', 149, 'O', '1', '2020-01-01', '2099-12-31'),
    (60, 'O', 150, 'O', '1', '2020-01-01', '2099-12-31'),
    (61, 'O', 151, 'O', '1', '2020-01-01', '2099-12-31'),
    (62, 'O', 152, 'O', '1', '2020-01-01', '2099-12-31'),
    (63, 'O', 153, 'O', '1', '2020-01-01', '2099-12-31'),
    (64, 'O', 154, 'O', '1', '2020-01-01', '2099-12-31'),
    (65, 'O', 155, 'O', '1', '2020-01-01', '2099-12-31'),
    (66, 'O', 156, 'O', '1', '2020-01-01', '2099-12-31'),
    (67, 'O', 157, 'O', '1', '2020-01-01', '2099-12-31'),
    (68, 'O', 158, 'O', '1', '2020-01-01', '2099-12-31'),
    (69, 'O', 159, 'O', '1', '2020-01-01', '2099-12-31'),
    (70, 'O', 160, 'O', '1', '2020-01-01', '2099-12-31'),
    (71, 'O', 161, 'O', '1', '2020-01-01', '2099-12-31'),
    (72, 'O', 162, 'O', '1', '2020-01-01', '2099-12-31'),
    (73, 'O', 163, 'O', '1', '2020-01-01', '2099-12-31'),
    (74, 'O', 164, 'O', '1', '2020-01-01', '2099-12-31'),
    (75, 'O', 165, 'O', '1', '2020-01-01', '2099-12-31'),
    (76, 'O', 166, 'O', '1', '2020-01-01', '2099-12-31'),
    (77, 'O', 167, 'O', '1', '2020-01-01', '2099-12-31'),
    (78, 'O', 168, 'O', '1', '2020-01-01', '2099-12-31'),
    (79, 'O', 169, 'O', '1', '2020-01-01', '2099-12-31'),
    (80, 'O', 170, 'O', '1', '2020-01-01', '2099-12-31'),
    (81, 'O', 171, 'O', '1', '2020-01-01', '2099-12-31'),
    (82, 'O', 172, 'O', '1', '2020-01-01', '2099-12-31'),
    (83, 'O', 173, 'O', '1', '2020-01-01', '2099-12-31'),
    (84, 'O', 174, 'O', '1', '2020-01-01', '2099-12-31'),
    (85, 'O', 175, 'O', '1', '2020-01-01', '2099-12-31'),
    (86, 'O', 176, 'O', '1', '2020-01-01', '2099-12-31'),
    (87, 'O', 177, 'O', '1', '2020-01-01', '2099-12-31'),
    (88, 'O', 178, 'O', '1', '2020-01-01', '2099-12-31'),
    (89, 'O', 179, 'O', '1', '2020-01-01', '2099-12-31'),
    (90, 'O', 180, 'O', '1', '2020-01-01', '2099-12-31'),
    (91, 'O', 181, 'O', '1', '2020-01-01', '2099-12-31'),
    (92, 'O', 182, 'O', '1', '2020-01-01', '2099-12-31'),
    (93, 'O', 183, 'O', '1', '2020-01-01', '2099-12-31'),
    (94, 'O', 184, 'O', '1', '2020-01-01', '2099-12-31'),
    (95, 'O', 185, 'O', '1', '2020-01-01', '2099-12-31'),
    (96, 'O', 186, 'O', '1', '2020-01-01', '2099-12-31'),
    (97, 'O', 187, 'O', '1', '2020-01-01', '2099-12-31'),
    (98, 'O', 188, 'O', '1', '2020-01-01', '2099-12-31'),
    (99, 'O', 189, 'O', '1', '2020-01-01', '2099-12-31'),
    (100, 'O', 190, 'O', '1', '2020-01-01', '2099-12-31'),
    (11, 'O', 191, 'O', '1', '2020-01-01', '2099-12-31'),
    (12, 'O', 192, 'O', '1', '2020-01-01', '2099-12-31'),
    (13, 'O', 193, 'O', '1', '2020-01-01', '2099-12-31'),
    (14, 'O', 194, 'O', '1', '2020-01-01', '2099-12-31'),
    (15, 'O', 195, 'O', '1', '2020-01-01', '2099-12-31'),
    (16, 'O', 196, 'O', '1', '2020-01-01', '2099-12-31'),
    (17, 'O', 197, 'O', '1', '2020-01-01', '2099-12-31'),
    (18, 'O', 198, 'O', '1', '2020-01-01', '2099-12-31'),
    (19, 'O', 199, 'O', '1', '2020-01-01', '2099-12-31'),
    (20, 'O', 200, 'O', '1', '2020-01-01', '2099-12-31'),
    (21, 'O', 201, 'O', '1', '2020-01-01', '2099-12-31'),
    (22, 'O', 202, 'O', '1', '2020-01-01', '2099-12-31'),
    (23, 'O', 203, 'O', '1', '2020-01-01', '2099-12-31'),
    (24, 'O', 204, 'O', '1', '2020-01-01', '2099-12-31'),
    (25, 'O', 205, 'O', '1', '2020-01-01', '2099-12-31'),
    (26, 'O', 206, 'O', '1', '2020-01-01', '2099-12-31'),
    (27, 'O', 207, 'O', '1', '2020-01-01', '2099-12-31'),
    (28, 'O', 208, 'O', '1', '2020-01-01', '2099-12-31'),
    (29, 'O', 209, 'O', '1', '2020-01-01', '2099-12-31'),
    (30, 'O', 210, 'O', '1', '2020-01-01', '2099-12-31'),
    (31, 'O', 211, 'O', '1', '2020-01-01', '2099-12-31'),
    (32, 'O', 212, 'O', '1', '2020-01-01', '2099-12-31'),
    (33, 'O', 213, 'O', '1', '2020-01-01', '2099-12-31'),
    (34, 'O', 214, 'O', '1', '2020-01-01', '2099-12-31'),
    (35, 'O', 215, 'O', '1', '2020-01-01', '2099-12-31'),
    (36, 'O', 216, 'O', '1', '2020-01-01', '2099-12-31'),
    (37, 'O', 217, 'O', '1', '2020-01-01', '2099-12-31'),
    (38, 'O', 218, 'O', '1', '2020-01-01', '2099-12-31'),
    (39, 'O', 219, 'O', '1', '2020-01-01', '2099-12-31'),
    (40, 'O', 220, 'O', '1', '2020-01-01', '2099-12-31'),
    (41, 'O', 221, 'O', '1', '2020-01-01', '2099-12-31'),
    (42, 'O', 222, 'O', '1', '2020-01-01', '2099-12-31'),
    (43, 'O', 223, 'O', '1', '2020-01-01', '2099-12-31'),
    (44, 'O', 224, 'O', '1', '2020-01-01', '2099-12-31'),
    (45, 'O', 225, 'O', '1', '2020-01-01', '2099-12-31'),
    (46, 'O', 226, 'O', '1', '2020-01-01', '2099-12-31'),
    (47, 'O', 227, 'O', '1', '2020-01-01', '2099-12-31'),
    (48, 'O', 228, 'O', '1', '2020-01-01', '2099-12-31'),
    (49, 'O', 229, 'O', '1', '2020-01-01', '2099-12-31'),
    (50, 'O', 230, 'O', '1', '2020-01-01', '2099-12-31'),
    (51, 'O', 231, 'O', '1', '2020-01-01', '2099-12-31'),
    (52, 'O', 232, 'O', '1', '2020-01-01', '2099-12-31'),
    (53, 'O', 233, 'O', '1', '2020-01-01', '2099-12-31'),
    (54, 'O', 234, 'O', '1', '2020-01-01', '2099-12-31'),
    (55, 'O', 235, 'O', '1', '2020-01-01', '2099-12-31'),
    (56, 'O', 236, 'O', '1', '2020-01-01', '2099-12-31'),
    (57, 'O', 237, 'O', '1', '2020-01-01', '2099-12-31'),
    (58, 'O', 238, 'O', '1', '2020-01-01', '2099-12-31'),
    (59, 'O', 239, 'O', '1', '2020-01-01', '2099-12-31'),
    (60, 'O', 240, 'O', '1', '2020-01-01', '2099-12-31'),
    (61, 'O', 241, 'O', '1', '2020-01-01', '2099-12-31'),
    (62, 'O', 242, 'O', '1', '2020-01-01', '2099-12-31'),
    (63, 'O', 243, 'O', '1', '2020-01-01', '2099-12-31'),
    (64, 'O', 244, 'O', '1', '2020-01-01', '2099-12-31'),
    (65, 'O', 245, 'O', '1', '2020-01-01', '2099-12-31'),
    (66, 'O', 246, 'O', '1', '2020-01-01', '2099-12-31'),
    (67, 'O', 247, 'O', '1', '2020-01-01', '2099-12-31'),
    (68, 'O', 248, 'O', '1', '2020-01-01', '2099-12-31'),
    (69, 'O', 249, 'O', '1', '2020-01-01', '2099-12-31'),
    (70, 'O', 250, 'O', '1', '2020-01-01', '2099-12-31'),
    (71, 'O', 251, 'O', '1', '2020-01-01', '2099-12-31'),
    (72, 'O', 252, 'O', '1', '2020-01-01', '2099-12-31'),
    (73, 'O', 253, 'O', '1', '2020-01-01', '2099-12-31'),
    (74, 'O', 254, 'O', '1', '2020-01-01', '2099-12-31'),
    (75, 'O', 255, 'O', '1', '2020-01-01', '2099-12-31'),
    (76, 'O', 256, 'O', '1', '2020-01-01', '2099-12-31'),
    (77, 'O', 257, 'O', '1', '2020-01-01', '2099-12-31'),
    (78, 'O', 258, 'O', '1', '2020-01-01', '2099-12-31'),
    (79, 'O', 259, 'O', '1', '2020-01-01', '2099-12-31'),
    (80, 'O', 260, 'O', '1', '2020-01-01', '2099-12-31'),
    (81, 'O', 261, 'O', '1', '2020-01-01', '2099-12-31'),
    (82, 'O', 262, 'O', '1', '2020-01-01', '2099-12-31'),
    (83, 'O', 263, 'O', '1', '2020-01-01', '2099-12-31'),
    (84, 'O', 264, 'O', '1', '2020-01-01', '2099-12-31'),
    (85, 'O', 265, 'O', '1', '2020-01-01', '2099-12-31'),
    (86, 'O', 266, 'O', '1', '2020-01-01', '2099-12-31'),
    (87, 'O', 267, 'O', '1', '2020-01-01', '2099-12-31'),
    (88, 'O', 268, 'O', '1', '2020-01-01', '2099-12-31'),
    (89, 'O', 269, 'O', '1', '2020-01-01', '2099-12-31'),
    (90, 'O', 270, 'O', '1', '2020-01-01', '2099-12-31'),
    (91, 'O', 271, 'O', '1', '2020-01-01', '2099-12-31'),
    (92, 'O', 272, 'O', '1', '2020-01-01', '2099-12-31'),
    (93, 'O', 273, 'O', '1', '2020-01-01', '2099-12-31'),
    (94, 'O', 274, 'O', '1', '2020-01-01', '2099-12-31'),
    (95, 'O', 275, 'O', '1', '2020-01-01', '2099-12-31'),
    (96, 'O', 276, 'O', '1', '2020-01-01', '2099-12-31'),
    (97, 'O', 277, 'O', '1', '2020-01-01', '2099-12-31'),
    (98, 'O', 278, 'O', '1', '2020-01-01', '2099-12-31'),
    (99, 'O', 279, 'O', '1', '2020-01-01', '2099-12-31'),
    (100, 'O', 280, 'O', '1', '2020-01-01', '2099-12-31'),
    (11, 'O', 281, 'O', '1', '2020-01-01', '2099-12-31'),
    (12, 'O', 282, 'O', '1', '2020-01-01', '2099-12-31'),
    (13, 'O', 283, 'O', '1', '2020-01-01', '2099-12-31'),
    (14, 'O', 284, 'O', '1', '2020-01-01', '2099-12-31'),
    (15, 'O', 285, 'O', '1', '2020-01-01', '2099-12-31'),
    (16, 'O', 286, 'O', '1', '2020-01-01', '2099-12-31'),
    (17, 'O', 287, 'O', '1', '2020-01-01', '2099-12-31'),
    (18, 'O', 288, 'O', '1', '2020-01-01', '2099-12-31'),
    (19, 'O', 289, 'O', '1', '2020-01-01', '2099-12-31'),
    (20, 'O', 290, 'O', '1', '2020-01-01', '2099-12-31'),
    (21, 'O', 291, 'O', '1', '2020-01-01', '2099-12-31'),
    (22, 'O', 292, 'O', '1', '2020-01-01', '2099-12-31'),
    (23, 'O', 293, 'O', '1', '2020-01-01', '2099-12-31'),
    (24, 'O', 294, 'O', '1', '2020-01-01', '2099-12-31'),
    (25, 'O', 295, 'O', '1', '2020-01-01', '2099-12-31'),
    (26, 'O', 296, 'O', '1', '2020-01-01', '2099-12-31'),
    (27, 'O', 297, 'O', '1', '2020-01-01', '2099-12-31'),
    (28, 'O', 298, 'O', '1', '2020-01-01', '2099-12-31'),
    (29, 'O', 299, 'O', '1', '2020-01-01', '2099-12-31'),
    (30, 'O', 300, 'O', '1', '2020-01-01', '2099-12-31'),
    (31, 'O', 301, 'O', '1', '2020-01-01', '2099-12-31'),
    (32, 'O', 302, 'O', '1', '2020-01-01', '2099-12-31'),
    (33, 'O', 303, 'O', '1', '2020-01-01', '2099-12-31'),
    (34, 'O', 304, 'O', '1', '2020-01-01', '2099-12-31'),
    (35, 'O', 305, 'O', '1', '2020-01-01', '2099-12-31'),
    (36, 'O', 306, 'O', '1', '2020-01-01', '2099-12-31'),
    (37, 'O', 307, 'O', '1', '2020-01-01', '2099-12-31'),
    (38, 'O', 308, 'O', '1', '2020-01-01', '2099-12-31'),
    (39, 'O', 309, 'O', '1', '2020-01-01', '2099-12-31'),
    (40, 'O', 310, 'O', '1', '2020-01-01', '2099-12-31'),
    (41, 'O', 311, 'O', '1', '2020-01-01', '2099-12-31'),
    (42, 'O', 312, 'O', '1', '2020-01-01', '2099-12-31'),
    (43, 'O', 313, 'O', '1', '2020-01-01', '2099-12-31'),
    (44, 'O', 314, 'O', '1', '2020-01-01', '2099-12-31'),
    (45, 'O', 315, 'O', '1', '2020-01-01', '2099-12-31'),
    (46, 'O', 316, 'O', '1', '2020-01-01', '2099-12-31'),
    (47, 'O', 317, 'O', '1', '2020-01-01', '2099-12-31'),
    (48, 'O', 318, 'O', '1', '2020-01-01', '2099-12-31'),
    (49, 'O', 319, 'O', '1', '2020-01-01', '2099-12-31'),
    (50, 'O', 320, 'O', '1', '2020-01-01', '2099-12-31'),
    (51, 'O', 321, 'O', '1', '2020-01-01', '2099-12-31'),
    (52, 'O', 322, 'O', '1', '2020-01-01', '2099-12-31'),
    (53, 'O', 323, 'O', '1', '2020-01-01', '2099-12-31'),
    (54, 'O', 324, 'O', '1', '2020-01-01', '2099-12-31'),
    (55, 'O', 325, 'O', '1', '2020-01-01', '2099-12-31'),
    (56, 'O', 326, 'O', '1', '2020-01-01', '2099-12-31'),
    (57, 'O', 327, 'O', '1', '2020-01-01', '2099-12-31'),
    (58, 'O', 328, 'O', '1', '2020-01-01', '2099-12-31'),
    (59, 'O', 329, 'O', '1', '2020-01-01', '2099-12-31'),
    (60, 'O', 330, 'O', '1', '2020-01-01', '2099-12-31'),
    (61, 'O', 331, 'O', '1', '2020-01-01', '2099-12-31'),
    (62, 'O', 332, 'O', '1', '2020-01-01', '2099-12-31'),
    (63, 'O', 333, 'O', '1', '2020-01-01', '2099-12-31'),
    (64, 'O', 334, 'O', '1', '2020-01-01', '2099-12-31'),
    (65, 'O', 335, 'O', '1', '2020-01-01', '2099-12-31'),
    (66, 'O', 336, 'O', '1', '2020-01-01', '2099-12-31'),
    (67, 'O', 337, 'O', '1', '2020-01-01', '2099-12-31'),
    (68, 'O', 338, 'O', '1', '2020-01-01', '2099-12-31'),
    (69, 'O', 339, 'O', '1', '2020-01-01', '2099-12-31'),
    (70, 'O', 340, 'O', '1', '2020-01-01', '2099-12-31'),
    (71, 'O', 341, 'O', '1', '2020-01-01', '2099-12-31'),
    (72, 'O', 342, 'O', '1', '2020-01-01', '2099-12-31'),
    (73, 'O', 343, 'O', '1', '2020-01-01', '2099-12-31'),
    (74, 'O', 344, 'O', '1', '2020-01-01', '2099-12-31'),
    (75, 'O', 345, 'O', '1', '2020-01-01', '2099-12-31'),
    (76, 'O', 346, 'O', '1', '2020-01-01', '2099-12-31'),
    (77, 'O', 347, 'O', '1', '2020-01-01', '2099-12-31'),
    (78, 'O', 348, 'O', '1', '2020-01-01', '2099-12-31'),
    (79, 'O', 349, 'O', '1', '2020-01-01', '2099-12-31'),
    (80, 'O', 350, 'O', '1', '2020-01-01', '2099-12-31'),
    (81, 'O', 351, 'O', '1', '2020-01-01', '2099-12-31'),
    (82, 'O', 352, 'O', '1', '2020-01-01', '2099-12-31'),
    (83, 'O', 353, 'O', '1', '2020-01-01', '2099-12-31'),
    (84, 'O', 354, 'O', '1', '2020-01-01', '2099-12-31'),
    (85, 'O', 355, 'O', '1', '2020-01-01', '2099-12-31'),
    (86, 'O', 356, 'O', '1', '2020-01-01', '2099-12-31'),
    (87, 'O', 357, 'O', '1', '2020-01-01', '2099-12-31'),
    (88, 'O', 358, 'O', '1', '2020-01-01', '2099-12-31'),
    (89, 'O', 359, 'O', '1', '2020-01-01', '2099-12-31'),
    (90, 'O', 360, 'O', '1', '2020-01-01', '2099-12-31'),
    (91, 'O', 361, 'O', '1', '2020-01-01', '2099-12-31'),
    (92, 'O', 362, 'O', '1', '2020-01-01', '2099-12-31'),
    (93, 'O', 363, 'O', '1', '2020-01-01', '2099-12-31'),
    (94, 'O', 364, 'O', '1', '2020-01-01', '2099-12-31'),
    (95, 'O', 365, 'O', '1', '2020-01-01', '2099-12-31'),
    (96, 'O', 366, 'O', '1', '2020-01-01', '2099-12-31'),
    (97, 'O', 367, 'O', '1', '2020-01-01', '2099-12-31'),
    (98, 'O', 368, 'O', '1', '2020-01-01', '2099-12-31'),
    (99, 'O', 369, 'O', '1', '2020-01-01', '2099-12-31'),
    (100, 'O', 370, 'O', '1', '2020-01-01', '2099-12-31'),
    (11, 'O', 371, 'O', '1', '2020-01-01', '2099-12-31'),
    (12, 'O', 372, 'O', '1', '2020-01-01', '2099-12-31'),
    (13, 'O', 373, 'O', '1', '2020-01-01', '2099-12-31'),
    (14, 'O', 374, 'O', '1', '2020-01-01', '2099-12-31'),
    (15, 'O', 375, 'O', '1', '2020-01-01', '2099-12-31'),
    (16, 'O', 376, 'O', '1', '2020-01-01', '2099-12-31'),
    (17, 'O', 377, 'O', '1', '2020-01-01', '2099-12-31'),
    (18, 'O', 378, 'O', '1', '2020-01-01', '2099-12-31'),
    (19, 'O', 379, 'O', '1', '2020-01-01', '2099-12-31'),
    (20, 'O', 380, 'O', '1', '2020-01-01', '2099-12-31'),
    (21, 'O', 381, 'O', '1', '2020-01-01', '2099-12-31'),
    (22, 'O', 382, 'O', '1', '2020-01-01', '2099-12-31'),
    (23, 'O', 383, 'O', '1', '2020-01-01', '2099-12-31'),
    (24, 'O', 384, 'O', '1', '2020-01-01', '2099-12-31'),
    (25, 'O', 385, 'O', '1', '2020-01-01', '2099-12-31'),
    (26, 'O', 386, 'O', '1', '2020-01-01', '2099-12-31'),
    (27, 'O', 387, 'O', '1', '2020-01-01', '2099-12-31'),
    (28, 'O', 388, 'O', '1', '2020-01-01', '2099-12-31'),
    (29, 'O', 389, 'O', '1', '2020-01-01', '2099-12-31'),
    (30, 'O', 390, 'O', '1', '2020-01-01', '2099-12-31'),
    (31, 'O', 391, 'O', '1', '2020-01-01', '2099-12-31'),
    (32, 'O', 392, 'O', '1', '2020-01-01', '2099-12-31'),
    (33, 'O', 393, 'O', '1', '2020-01-01', '2099-12-31'),
    (34, 'O', 394, 'O', '1', '2020-01-01', '2099-12-31'),
    (35, 'O', 395, 'O', '1', '2020-01-01', '2099-12-31'),
    (36, 'O', 396, 'O', '1', '2020-01-01', '2099-12-31'),
    (37, 'O', 397, 'O', '1', '2020-01-01', '2099-12-31'),
    (38, 'O', 398, 'O', '1', '2020-01-01', '2099-12-31'),
    (39, 'O', 399, 'O', '1', '2020-01-01', '2099-12-31'),
    (40, 'O', 400, 'O', '1', '2020-01-01', '2099-12-31'),
    (101, 'O', 401, 'O', '1', '2020-01-01', '2099-12-31'),
    (102, 'O', 402, 'O', '1', '2020-01-01', '2099-12-31'),
    (103, 'O', 403, 'O', '1', '2020-01-01', '2099-12-31'),
    (104, 'O', 404, 'O', '1', '2020-01-01', '2099-12-31'),
    (105, 'O', 405, 'O', '1', '2020-01-01', '2099-12-31'),
    (106, 'O', 406, 'O', '1', '2020-01-01', '2099-12-31'),
    (107, 'O', 407, 'O', '1', '2020-01-01', '2099-12-31'),
    (108, 'O', 408, 'O', '1', '2020-01-01', '2099-12-31'),
    (109, 'O', 409, 'O', '1', '2020-01-01', '2099-12-31'),
    (110, 'O', 410, 'O', '1', '2020-01-01', '2099-12-31'),
    (111, 'O', 411, 'O', '1', '2020-01-01', '2099-12-31'),
    (112, 'O', 412, 'O', '1', '2020-01-01', '2099-12-31'),
    (113, 'O', 413, 'O', '1', '2020-01-01', '2099-12-31'),
    (114, 'O', 414, 'O', '1', '2020-01-01', '2099-12-31'),
    (115, 'O', 415, 'O', '1', '2020-01-01', '2099-12-31'),
    (116, 'O', 416, 'O', '1', '2020-01-01', '2099-12-31'),
    (117, 'O', 417, 'O', '1', '2020-01-01', '2099-12-31'),
    (118, 'O', 418, 'O', '1', '2020-01-01', '2099-12-31'),
    (119, 'O', 419, 'O', '1', '2020-01-01', '2099-12-31'),
    (120, 'O', 420, 'O', '1', '2020-01-01', '2099-12-31'),
    (121, 'O', 421, 'O', '1', '2020-01-01', '2099-12-31'),
    (122, 'O', 422, 'O', '1', '2020-01-01', '2099-12-31'),
    (123, 'O', 423, 'O', '1', '2020-01-01', '2099-12-31'),
    (124, 'O', 424, 'O', '1', '2020-01-01', '2099-12-31'),
    (125, 'O', 425, 'O', '1', '2020-01-01', '2099-12-31'),
    (126, 'O', 426, 'O', '1', '2020-01-01', '2099-12-31'),
    (127, 'O', 427, 'O', '1', '2020-01-01', '2099-12-31'),
    (128, 'O', 428, 'O', '1', '2020-01-01', '2099-12-31'),
    (129, 'O', 429, 'O', '1', '2020-01-01', '2099-12-31'),
    (130, 'O', 430, 'O', '1', '2020-01-01', '2099-12-31'),
    (131, 'O', 431, 'O', '1', '2020-01-01', '2099-12-31'),
    (132, 'O', 432, 'O', '1', '2020-01-01', '2099-12-31'),
    (133, 'O', 433, 'O', '1', '2020-01-01', '2099-12-31'),
    (134, 'O', 434, 'O', '1', '2020-01-01', '2099-12-31'),
    (135, 'O', 435, 'O', '1', '2020-01-01', '2099-12-31'),
    (136, 'O', 436, 'O', '1', '2020-01-01', '2099-12-31'),
    (137, 'O', 437, 'O', '1', '2020-01-01', '2099-12-31'),
    (138, 'O', 438, 'O', '1', '2020-01-01', '2099-12-31'),
    (139, 'O', 439, 'O', '1', '2020-01-01', '2099-12-31'),
    (140, 'O', 440, 'O', '1', '2020-01-01', '2099-12-31'),
    (141, 'O', 441, 'O', '1', '2020-01-01', '2099-12-31'),
    (142, 'O', 442, 'O', '1', '2020-01-01', '2099-12-31'),
    (143, 'O', 443, 'O', '1', '2020-01-01', '2099-12-31'),
    (144, 'O', 444, 'O', '1', '2020-01-01', '2099-12-31'),
    (145, 'O', 445, 'O', '1', '2020-01-01', '2099-12-31'),
    (146, 'O', 446, 'O', '1', '2020-01-01', '2099-12-31'),
    (147, 'O', 447, 'O', '1', '2020-01-01', '2099-12-31'),
    (148, 'O', 448, 'O', '1', '2020-01-01', '2099-12-31'),
    (149, 'O', 449, 'O', '1', '2020-01-01', '2099-12-31'),
    (150, 'O', 450, 'O', '1', '2020-01-01', '2099-12-31'),
    (151, 'O', 451, 'O', '1', '2020-01-01', '2099-12-31'),
    (152, 'O', 452, 'O', '1', '2020-01-01', '2099-12-31'),
    (153, 'O', 453, 'O', '1', '2020-01-01', '2099-12-31'),
    (154, 'O', 454, 'O', '1', '2020-01-01', '2099-12-31'),
    (155, 'O', 455, 'O', '1', '2020-01-01', '2099-12-31'),
    (156, 'O', 456, 'O', '1', '2020-01-01', '2099-12-31'),
    (157, 'O', 457, 'O', '1', '2020-01-01', '2099-12-31'),
    (158, 'O', 458, 'O', '1', '2020-01-01', '2099-12-31'),
    (159, 'O', 459, 'O', '1', '2020-01-01', '2099-12-31'),
    (160, 'O', 460, 'O', '1', '2020-01-01', '2099-12-31'),
    (161, 'O', 461, 'O', '1', '2020-01-01', '2099-12-31'),
    (162, 'O', 462, 'O', '1', '2020-01-01', '2099-12-31'),
    (163, 'O', 463, 'O', '1', '2020-01-01', '2099-12-31'),
    (164, 'O', 464, 'O', '1', '2020-01-01', '2099-12-31'),
    (165, 'O', 465, 'O', '1', '2020-01-01', '2099-12-31'),
    (166, 'O', 466, 'O', '1', '2020-01-01', '2099-12-31'),
    (167, 'O', 467, 'O', '1', '2020-01-01', '2099-12-31'),
    (168, 'O', 468, 'O', '1', '2020-01-01', '2099-12-31'),
    (169, 'O', 469, 'O', '1', '2020-01-01', '2099-12-31'),
    (170, 'O', 470, 'O', '1', '2020-01-01', '2099-12-31'),
    (171, 'O', 471, 'O', '1', '2020-01-01', '2099-12-31'),
    (172, 'O', 472, 'O', '1', '2020-01-01', '2099-12-31'),
    (173, 'O', 473, 'O', '1', '2020-01-01', '2099-12-31'),
    (174, 'O', 474, 'O', '1', '2020-01-01', '2099-12-31'),
    (175, 'O', 475, 'O', '1', '2020-01-01', '2099-12-31'),
    (176, 'O', 476, 'O', '1', '2020-01-01', '2099-12-31'),
    (177, 'O', 477, 'O', '1', '2020-01-01', '2099-12-31'),
    (178, 'O', 478, 'O', '1', '2020-01-01', '2099-12-31'),
    (179, 'O', 479, 'O', '1', '2020-01-01', '2099-12-31'),
    (180, 'O', 480, 'O', '1', '2020-01-01', '2099-12-31'),
    (181, 'O', 481, 'O', '1', '2020-01-01', '2099-12-31'),
    (182, 'O', 482, 'O', '1', '2020-01-01', '2099-12-31'),
    (183, 'O', 483, 'O', '1', '2020-01-01', '2099-12-31'),
    (184, 'O', 484, 'O', '1', '2020-01-01', '2099-12-31'),
    (185, 'O', 485, 'O', '1', '2020-01-01', '2099-12-31'),
    (186, 'O', 486, 'O', '1', '2020-01-01', '2099-12-31'),
    (187, 'O', 487, 'O', '1', '2020-01-01', '2099-12-31'),
    (188, 'O', 488, 'O', '1', '2020-01-01', '2099-12-31'),
    (189, 'O', 489, 'O', '1', '2020-01-01', '2099-12-31'),
    (190, 'O', 490, 'O', '1', '2020-01-01', '2099-12-31'),
    (191, 'O', 491, 'O', '1', '2020-01-01', '2099-12-31'),
    (192, 'O', 492, 'O', '1', '2020-01-01', '2099-12-31'),
    (193, 'O', 493, 'O', '1', '2020-01-01', '2099-12-31'),
    (194, 'O', 494, 'O', '1', '2020-01-01', '2099-12-31'),
    (195, 'O', 495, 'O', '1', '2020-01-01', '2099-12-31'),
    (196, 'O', 496, 'O', '1', '2020-01-01', '2099-12-31'),
    (197, 'O', 497, 'O', '1', '2020-01-01', '2099-12-31'),
    (198, 'O', 498, 'O', '1', '2020-01-01', '2099-12-31'),
    (199, 'O', 499, 'O', '1', '2020-01-01', '2099-12-31'),
    (200, 'O', 500, 'O', '1', '2020-01-01', '2099-12-31'),
    (201, 'O', 501, 'O', '1', '2020-01-01', '2099-12-31'),
    (202, 'O', 502, 'O', '1', '2020-01-01', '2099-12-31'),
    (203, 'O', 503, 'O', '1', '2020-01-01', '2099-12-31'),
    (204, 'O', 504, 'O', '1', '2020-01-01', '2099-12-31'),
    (205, 'O', 505, 'O', '1', '2020-01-01', '2099-12-31'),
    (206, 'O', 506, 'O', '1', '2020-01-01', '2099-12-31'),
    (207, 'O', 507, 'O', '1', '2020-01-01', '2099-12-31'),
    (208, 'O', 508, 'O', '1', '2020-01-01', '2099-12-31'),
    (209, 'O', 509, 'O', '1', '2020-01-01', '2099-12-31'),
    (210, 'O', 510, 'O', '1', '2020-01-01', '2099-12-31'),
    (211, 'O', 511, 'O', '1', '2020-01-01', '2099-12-31'),
    (212, 'O', 512, 'O', '1', '2020-01-01', '2099-12-31'),
    (213, 'O', 513, 'O', '1', '2020-01-01', '2099-12-31'),
    (214, 'O', 514, 'O', '1', '2020-01-01', '2099-12-31'),
    (215, 'O', 515, 'O', '1', '2020-01-01', '2099-12-31'),
    (216, 'O', 516, 'O', '1', '2020-01-01', '2099-12-31'),
    (217, 'O', 517, 'O', '1', '2020-01-01', '2099-12-31'),
    (218, 'O', 518, 'O', '1', '2020-01-01', '2099-12-31'),
    (219, 'O', 519, 'O', '1', '2020-01-01', '2099-12-31'),
    (220, 'O', 520, 'O', '1', '2020-01-01', '2099-12-31'),
    (221, 'O', 521, 'O', '1', '2020-01-01', '2099-12-31'),
    (222, 'O', 522, 'O', '1', '2020-01-01', '2099-12-31'),
    (223, 'O', 523, 'O', '1', '2020-01-01', '2099-12-31'),
    (224, 'O', 524, 'O', '1', '2020-01-01', '2099-12-31'),
    (225, 'O', 525, 'O', '1', '2020-01-01', '2099-12-31'),
    (226, 'O', 526, 'O', '1', '2020-01-01', '2099-12-31'),
    (227, 'O', 527, 'O', '1', '2020-01-01', '2099-12-31'),
    (228, 'O', 528, 'O', '1', '2020-01-01', '2099-12-31'),
    (229, 'O', 529, 'O', '1', '2020-01-01', '2099-12-31'),
    (230, 'O', 530, 'O', '1', '2020-01-01', '2099-12-31'),
    (231, 'O', 531, 'O', '1', '2020-01-01', '2099-12-31'),
    (232, 'O', 532, 'O', '1', '2020-01-01', '2099-12-31'),
    (233, 'O', 533, 'O', '1', '2020-01-01', '2099-12-31'),
    (234, 'O', 534, 'O', '1', '2020-01-01', '2099-12-31'),
    (235, 'O', 535, 'O', '1', '2020-01-01', '2099-12-31'),
    (236, 'O', 536, 'O', '1', '2020-01-01', '2099-12-31'),
    (237, 'O', 537, 'O', '1', '2020-01-01', '2099-12-31'),
    (238, 'O', 538, 'O', '1', '2020-01-01', '2099-12-31'),
    (239, 'O', 539, 'O', '1', '2020-01-01', '2099-12-31'),
    (240, 'O', 540, 'O', '1', '2020-01-01', '2099-12-31'),
    (241, 'O', 541, 'O', '1', '2020-01-01', '2099-12-31'),
    (242, 'O', 542, 'O', '1', '2020-01-01', '2099-12-31'),
    (243, 'O', 543, 'O', '1', '2020-01-01', '2099-12-31'),
    (244, 'O', 544, 'O', '1', '2020-01-01', '2099-12-31'),
    (245, 'O', 545, 'O', '1', '2020-01-01', '2099-12-31'),
    (246, 'O', 546, 'O', '1', '2020-01-01', '2099-12-31'),
    (247, 'O', 547, 'O', '1', '2020-01-01', '2099-12-31'),
    (248, 'O', 548, 'O', '1', '2020-01-01', '2099-12-31'),
    (249, 'O', 549, 'O', '1', '2020-01-01', '2099-12-31'),
    (250, 'O', 550, 'O', '1', '2020-01-01', '2099-12-31'),
    (251, 'O', 551, 'O', '1', '2020-01-01', '2099-12-31'),
    (252, 'O', 552, 'O', '1', '2020-01-01', '2099-12-31'),
    (253, 'O', 553, 'O', '1', '2020-01-01', '2099-12-31'),
    (254, 'O', 554, 'O', '1', '2020-01-01', '2099-12-31'),
    (255, 'O', 555, 'O', '1', '2020-01-01', '2099-12-31'),
    (256, 'O', 556, 'O', '1', '2020-01-01', '2099-12-31'),
    (257, 'O', 557, 'O', '1', '2020-01-01', '2099-12-31'),
    (258, 'O', 558, 'O', '1', '2020-01-01', '2099-12-31'),
    (259, 'O', 559, 'O', '1', '2020-01-01', '2099-12-31'),
    (260, 'O', 560, 'O', '1', '2020-01-01', '2099-12-31'),
    (261, 'O', 561, 'O', '1', '2020-01-01', '2099-12-31'),
    (262, 'O', 562, 'O', '1', '2020-01-01', '2099-12-31'),
    (263, 'O', 563, 'O', '1', '2020-01-01', '2099-12-31'),
    (264, 'O', 564, 'O', '1', '2020-01-01', '2099-12-31'),
    (265, 'O', 565, 'O', '1', '2020-01-01', '2099-12-31'),
    (266, 'O', 566, 'O', '1', '2020-01-01', '2099-12-31'),
    (267, 'O', 567, 'O', '1', '2020-01-01', '2099-12-31'),
    (268, 'O', 568, 'O', '1', '2020-01-01', '2099-12-31'),
    (269, 'O', 569, 'O', '1', '2020-01-01', '2099-12-31'),
    (270, 'O', 570, 'O', '1', '2020-01-01', '2099-12-31'),
    (271, 'O', 571, 'O', '1', '2020-01-01', '2099-12-31'),
    (272, 'O', 572, 'O', '1', '2020-01-01', '2099-12-31'),
    (273, 'O', 573, 'O', '1', '2020-01-01', '2099-12-31'),
    (274, 'O', 574, 'O', '1', '2020-01-01', '2099-12-31'),
    (275, 'O', 575, 'O', '1', '2020-01-01', '2099-12-31'),
    (276, 'O', 576, 'O', '1', '2020-01-01', '2099-12-31'),
    (277, 'O', 577, 'O', '1', '2020-01-01', '2099-12-31'),
    (278, 'O', 578, 'O', '1', '2020-01-01', '2099-12-31'),
    (279, 'O', 579, 'O', '1', '2020-01-01', '2099-12-31'),
    (280, 'O', 580, 'O', '1', '2020-01-01', '2099-12-31'),
    (281, 'O', 581, 'O', '1', '2020-01-01', '2099-12-31'),
    (282, 'O', 582, 'O', '1', '2020-01-01', '2099-12-31'),
    (283, 'O', 583, 'O', '1', '2020-01-01', '2099-12-31'),
    (284, 'O', 584, 'O', '1', '2020-01-01', '2099-12-31'),
    (285, 'O', 585, 'O', '1', '2020-01-01', '2099-12-31'),
    (286, 'O', 586, 'O', '1', '2020-01-01', '2099-12-31'),
    (287, 'O', 587, 'O', '1', '2020-01-01', '2099-12-31'),
    (288, 'O', 588, 'O', '1', '2020-01-01', '2099-12-31'),
    (289, 'O', 589, 'O', '1', '2020-01-01', '2099-12-31'),
    (290, 'O', 590, 'O', '1', '2020-01-01', '2099-12-31'),
    (291, 'O', 591, 'O', '1', '2020-01-01', '2099-12-31'),
    (292, 'O', 592, 'O', '1', '2020-01-01', '2099-12-31'),
    (293, 'O', 593, 'O', '1', '2020-01-01', '2099-12-31'),
    (294, 'O', 594, 'O', '1', '2020-01-01', '2099-12-31'),
    (295, 'O', 595, 'O', '1', '2020-01-01', '2099-12-31'),
    (296, 'O', 596, 'O', '1', '2020-01-01', '2099-12-31'),
    (297, 'O', 597, 'O', '1', '2020-01-01', '2099-12-31'),
    (298, 'O', 598, 'O', '1', '2020-01-01', '2099-12-31'),
    (299, 'O', 599, 'O', '1', '2020-01-01', '2099-12-31'),
    (300, 'O', 600, 'O', '1', '2020-01-01', '2099-12-31'),
    (301, 'O', 601, 'O', '1', '2020-01-01', '2099-12-31'),
    (302, 'O', 602, 'O', '1', '2020-01-01', '2099-12-31'),
    (303, 'O', 603, 'O', '1', '2020-01-01', '2099-12-31'),
    (304, 'O', 604, 'O', '1', '2020-01-01', '2099-12-31'),
    (305, 'O', 605, 'O', '1', '2020-01-01', '2099-12-31'),
    (306, 'O', 606, 'O', '1', '2020-01-01', '2099-12-31'),
    (307, 'O', 607, 'O', '1', '2020-01-01', '2099-12-31'),
    (308, 'O', 608, 'O', '1', '2020-01-01', '2099-12-31'),
    (309, 'O', 609, 'O', '1', '2020-01-01', '2099-12-31'),
    (310, 'O', 610, 'O', '1', '2020-01-01', '2099-12-31'),
    (311, 'O', 611, 'O', '1', '2020-01-01', '2099-12-31'),
    (312, 'O', 612, 'O', '1', '2020-01-01', '2099-12-31'),
    (313, 'O', 613, 'O', '1', '2020-01-01', '2099-12-31'),
    (314, 'O', 614, 'O', '1', '2020-01-01', '2099-12-31'),
    (315, 'O', 615, 'O', '1', '2020-01-01', '2099-12-31'),
    (316, 'O', 616, 'O', '1', '2020-01-01', '2099-12-31'),
    (317, 'O', 617, 'O', '1', '2020-01-01', '2099-12-31'),
    (318, 'O', 618, 'O', '1', '2020-01-01', '2099-12-31'),
    (319, 'O', 619, 'O', '1', '2020-01-01', '2099-12-31'),
    (320, 'O', 620, 'O', '1', '2020-01-01', '2099-12-31'),
    (321, 'O', 621, 'O', '1', '2020-01-01', '2099-12-31'),
    (322, 'O', 622, 'O', '1', '2020-01-01', '2099-12-31'),
    (323, 'O', 623, 'O', '1', '2020-01-01', '2099-12-31'),
    (324, 'O', 624, 'O', '1', '2020-01-01', '2099-12-31'),
    (325, 'O', 625, 'O', '1', '2020-01-01', '2099-12-31'),
    (326, 'O', 626, 'O', '1', '2020-01-01', '2099-12-31'),
    (327, 'O', 627, 'O', '1', '2020-01-01', '2099-12-31'),
    (328, 'O', 628, 'O', '1', '2020-01-01', '2099-12-31'),
    (329, 'O', 629, 'O', '1', '2020-01-01', '2099-12-31'),
    (330, 'O', 630, 'O', '1', '2020-01-01', '2099-12-31'),
    (331, 'O', 631, 'O', '1', '2020-01-01', '2099-12-31'),
    (332, 'O', 632, 'O', '1', '2020-01-01', '2099-12-31'),
    (333, 'O', 633, 'O', '1', '2020-01-01', '2099-12-31'),
    (334, 'O', 634, 'O', '1', '2020-01-01', '2099-12-31'),
    (335, 'O', 635, 'O', '1', '2020-01-01', '2099-12-31'),
    (336, 'O', 636, 'O', '1', '2020-01-01', '2099-12-31'),
    (337, 'O', 637, 'O', '1', '2020-01-01', '2099-12-31'),
    (338, 'O', 638, 'O', '1', '2020-01-01', '2099-12-31'),
    (339, 'O', 639, 'O', '1', '2020-01-01', '2099-12-31'),
    (340, 'O', 640, 'O', '1', '2020-01-01', '2099-12-31'),
    (341, 'O', 641, 'O', '1', '2020-01-01', '2099-12-31'),
    (342, 'O', 642, 'O', '1', '2020-01-01', '2099-12-31'),
    (343, 'O', 643, 'O', '1', '2020-01-01', '2099-12-31'),
    (344, 'O', 644, 'O', '1', '2020-01-01', '2099-12-31'),
    (345, 'O', 645, 'O', '1', '2020-01-01', '2099-12-31'),
    (346, 'O', 646, 'O', '1', '2020-01-01', '2099-12-31'),
    (347, 'O', 647, 'O', '1', '2020-01-01', '2099-12-31'),
    (348, 'O', 648, 'O', '1', '2020-01-01', '2099-12-31'),
    (349, 'O', 649, 'O', '1', '2020-01-01', '2099-12-31'),
    (350, 'O', 650, 'O', '1', '2020-01-01', '2099-12-31'),
    (351, 'O', 651, 'O', '1', '2020-01-01', '2099-12-31'),
    (352, 'O', 652, 'O', '1', '2020-01-01', '2099-12-31'),
    (353, 'O', 653, 'O', '1', '2020-01-01', '2099-12-31'),
    (354, 'O', 654, 'O', '1', '2020-01-01', '2099-12-31'),
    (355, 'O', 655, 'O', '1', '2020-01-01', '2099-12-31'),
    (356, 'O', 656, 'O', '1', '2020-01-01', '2099-12-31'),
    (357, 'O', 657, 'O', '1', '2020-01-01', '2099-12-31'),
    (358, 'O', 658, 'O', '1', '2020-01-01', '2099-12-31'),
    (359, 'O', 659, 'O', '1', '2020-01-01', '2099-12-31'),
    (360, 'O', 660, 'O', '1', '2020-01-01', '2099-12-31'),
    (361, 'O', 661, 'O', '1', '2020-01-01', '2099-12-31'),
    (362, 'O', 662, 'O', '1', '2020-01-01', '2099-12-31'),
    (363, 'O', 663, 'O', '1', '2020-01-01', '2099-12-31'),
    (364, 'O', 664, 'O', '1', '2020-01-01', '2099-12-31'),
    (365, 'O', 665, 'O', '1', '2020-01-01', '2099-12-31'),
    (366, 'O', 666, 'O', '1', '2020-01-01', '2099-12-31'),
    (367, 'O', 667, 'O', '1', '2020-01-01', '2099-12-31'),
    (368, 'O', 668, 'O', '1', '2020-01-01', '2099-12-31'),
    (369, 'O', 669, 'O', '1', '2020-01-01', '2099-12-31'),
    (370, 'O', 670, 'O', '1', '2020-01-01', '2099-12-31'),
    (371, 'O', 671, 'O', '1', '2020-01-01', '2099-12-31'),
    (372, 'O', 672, 'O', '1', '2020-01-01', '2099-12-31'),
    (373, 'O', 673, 'O', '1', '2020-01-01', '2099-12-31'),
    (374, 'O', 674, 'O', '1', '2020-01-01', '2099-12-31'),
    (375, 'O', 675, 'O', '1', '2020-01-01', '2099-12-31'),
    (376, 'O', 676, 'O', '1', '2020-01-01', '2099-12-31'),
    (377, 'O', 677, 'O', '1', '2020-01-01', '2099-12-31'),
    (378, 'O', 678, 'O', '1', '2020-01-01', '2099-12-31'),
    (379, 'O', 679, 'O', '1', '2020-01-01', '2099-12-31'),
    (380, 'O', 680, 'O', '1', '2020-01-01', '2099-12-31'),
    (381, 'O', 681, 'O', '1', '2020-01-01', '2099-12-31'),
    (382, 'O', 682, 'O', '1', '2020-01-01', '2099-12-31'),
    (383, 'O', 683, 'O', '1', '2020-01-01', '2099-12-31'),
    (384, 'O', 684, 'O', '1', '2020-01-01', '2099-12-31'),
    (385, 'O', 685, 'O', '1', '2020-01-01', '2099-12-31'),
    (386, 'O', 686, 'O', '1', '2020-01-01', '2099-12-31'),
    (387, 'O', 687, 'O', '1', '2020-01-01', '2099-12-31'),
    (388, 'O', 688, 'O', '1', '2020-01-01', '2099-12-31'),
    (389, 'O', 689, 'O', '1', '2020-01-01', '2099-12-31'),
    (390, 'O', 690, 'O', '1', '2020-01-01', '2099-12-31'),
    (391, 'O', 691, 'O', '1', '2020-01-01', '2099-12-31'),
    (392, 'O', 692, 'O', '1', '2020-01-01', '2099-12-31'),
    (393, 'O', 693, 'O', '1', '2020-01-01', '2099-12-31'),
    (394, 'O', 694, 'O', '1', '2020-01-01', '2099-12-31'),
    (395, 'O', 695, 'O', '1', '2020-01-01', '2099-12-31'),
    (396, 'O', 696, 'O', '1', '2020-01-01', '2099-12-31'),
    (397, 'O', 697, 'O', '1', '2020-01-01', '2099-12-31'),
    (398, 'O', 698, 'O', '1', '2020-01-01', '2099-12-31'),
    (399, 'O', 699, 'O', '1', '2020-01-01', '2099-12-31'),
    (400, 'O', 700, 'O', '1', '2020-01-01', '2099-12-31'),
    (101, 'O', 701, 'O', '1', '2020-01-01', '2099-12-31'),
    (102, 'O', 702, 'O', '1', '2020-01-01', '2099-12-31'),
    (103, 'O', 703, 'O', '1', '2020-01-01', '2099-12-31'),
    (104, 'O', 704, 'O', '1', '2020-01-01', '2099-12-31'),
    (105, 'O', 705, 'O', '1', '2020-01-01', '2099-12-31'),
    (106, 'O', 706, 'O', '1', '2020-01-01', '2099-12-31'),
    (107, 'O', 707, 'O', '1', '2020-01-01', '2099-12-31'),
    (108, 'O', 708, 'O', '1', '2020-01-01', '2099-12-31'),
    (109, 'O', 709, 'O', '1', '2020-01-01', '2099-12-31'),
    (110, 'O', 710, 'O', '1', '2020-01-01', '2099-12-31'),
    (111, 'O', 711, 'O', '1', '2020-01-01', '2099-12-31'),
    (112, 'O', 712, 'O', '1', '2020-01-01', '2099-12-31'),
    (113, 'O', 713, 'O', '1', '2020-01-01', '2099-12-31'),
    (114, 'O', 714, 'O', '1', '2020-01-01', '2099-12-31'),
    (115, 'O', 715, 'O', '1', '2020-01-01', '2099-12-31'),
    (116, 'O', 716, 'O', '1', '2020-01-01', '2099-12-31'),
    (117, 'O', 717, 'O', '1', '2020-01-01', '2099-12-31'),
    (118, 'O', 718, 'O', '1', '2020-01-01', '2099-12-31'),
    (119, 'O', 719, 'O', '1', '2020-01-01', '2099-12-31'),
    (120, 'O', 720, 'O', '1', '2020-01-01', '2099-12-31'),
    (121, 'O', 721, 'O', '1', '2020-01-01', '2099-12-31'),
    (122, 'O', 722, 'O', '1', '2020-01-01', '2099-12-31'),
    (123, 'O', 723, 'O', '1', '2020-01-01', '2099-12-31'),
    (124, 'O', 724, 'O', '1', '2020-01-01', '2099-12-31'),
    (125, 'O', 725, 'O', '1', '2020-01-01', '2099-12-31'),
    (126, 'O', 726, 'O', '1', '2020-01-01', '2099-12-31'),
    (127, 'O', 727, 'O', '1', '2020-01-01', '2099-12-31'),
    (128, 'O', 728, 'O', '1', '2020-01-01', '2099-12-31'),
    (129, 'O', 729, 'O', '1', '2020-01-01', '2099-12-31'),
    (130, 'O', 730, 'O', '1', '2020-01-01', '2099-12-31'),
    (131, 'O', 731, 'O', '1', '2020-01-01', '2099-12-31'),
    (132, 'O', 732, 'O', '1', '2020-01-01', '2099-12-31'),
    (133, 'O', 733, 'O', '1', '2020-01-01', '2099-12-31'),
    (134, 'O', 734, 'O', '1', '2020-01-01', '2099-12-31'),
    (135, 'O', 735, 'O', '1', '2020-01-01', '2099-12-31'),
    (136, 'O', 736, 'O', '1', '2020-01-01', '2099-12-31'),
    (137, 'O', 737, 'O', '1', '2020-01-01', '2099-12-31'),
    (138, 'O', 738, 'O', '1', '2020-01-01', '2099-12-31'),
    (139, 'O', 739, 'O', '1', '2020-01-01', '2099-12-31'),
    (140, 'O', 740, 'O', '1', '2020-01-01', '2099-12-31'),
    (141, 'O', 741, 'O', '1', '2020-01-01', '2099-12-31'),
    (142, 'O', 742, 'O', '1', '2020-01-01', '2099-12-31'),
    (143, 'O', 743, 'O', '1', '2020-01-01', '2099-12-31'),
    (144, 'O', 744, 'O', '1', '2020-01-01', '2099-12-31'),
    (145, 'O', 745, 'O', '1', '2020-01-01', '2099-12-31'),
    (146, 'O', 746, 'O', '1', '2020-01-01', '2099-12-31'),
    (147, 'O', 747, 'O', '1', '2020-01-01', '2099-12-31'),
    (148, 'O', 748, 'O', '1', '2020-01-01', '2099-12-31'),
    (149, 'O', 749, 'O', '1', '2020-01-01', '2099-12-31'),
    (150, 'O', 750, 'O', '1', '2020-01-01', '2099-12-31'),
    (151, 'O', 751, 'O', '1', '2020-01-01', '2099-12-31'),
    (152, 'O', 752, 'O', '1', '2020-01-01', '2099-12-31'),
    (153, 'O', 753, 'O', '1', '2020-01-01', '2099-12-31'),
    (154, 'O', 754, 'O', '1', '2020-01-01', '2099-12-31'),
    (155, 'O', 755, 'O', '1', '2020-01-01', '2099-12-31'),
    (156, 'O', 756, 'O', '1', '2020-01-01', '2099-12-31'),
    (157, 'O', 757, 'O', '1', '2020-01-01', '2099-12-31'),
    (158, 'O', 758, 'O', '1', '2020-01-01', '2099-12-31'),
    (159, 'O', 759, 'O', '1', '2020-01-01', '2099-12-31'),
    (160, 'O', 760, 'O', '1', '2020-01-01', '2099-12-31'),
    (161, 'O', 761, 'O', '1', '2020-01-01', '2099-12-31'),
    (162, 'O', 762, 'O', '1', '2020-01-01', '2099-12-31'),
    (163, 'O', 763, 'O', '1', '2020-01-01', '2099-12-31'),
    (164, 'O', 764, 'O', '1', '2020-01-01', '2099-12-31'),
    (165, 'O', 765, 'O', '1', '2020-01-01', '2099-12-31'),
    (166, 'O', 766, 'O', '1', '2020-01-01', '2099-12-31'),
    (167, 'O', 767, 'O', '1', '2020-01-01', '2099-12-31'),
    (168, 'O', 768, 'O', '1', '2020-01-01', '2099-12-31'),
    (169, 'O', 769, 'O', '1', '2020-01-01', '2099-12-31'),
    (170, 'O', 770, 'O', '1', '2020-01-01', '2099-12-31'),
    (171, 'O', 771, 'O', '1', '2020-01-01', '2099-12-31'),
    (172, 'O', 772, 'O', '1', '2020-01-01', '2099-12-31'),
    (173, 'O', 773, 'O', '1', '2020-01-01', '2099-12-31'),
    (174, 'O', 774, 'O', '1', '2020-01-01', '2099-12-31'),
    (175, 'O', 775, 'O', '1', '2020-01-01', '2099-12-31'),
    (176, 'O', 776, 'O', '1', '2020-01-01', '2099-12-31'),
    (177, 'O', 777, 'O', '1', '2020-01-01', '2099-12-31'),
    (178, 'O', 778, 'O', '1', '2020-01-01', '2099-12-31'),
    (179, 'O', 779, 'O', '1', '2020-01-01', '2099-12-31'),
    (180, 'O', 780, 'O', '1', '2020-01-01', '2099-12-31'),
    (181, 'O', 781, 'O', '1', '2020-01-01', '2099-12-31'),
    (182, 'O', 782, 'O', '1', '2020-01-01', '2099-12-31'),
    (183, 'O', 783, 'O', '1', '2020-01-01', '2099-12-31'),
    (184, 'O', 784, 'O', '1', '2020-01-01', '2099-12-31'),
    (185, 'O', 785, 'O', '1', '2020-01-01', '2099-12-31'),
    (186, 'O', 786, 'O', '1', '2020-01-01', '2099-12-31'),
    (187, 'O', 787, 'O', '1', '2020-01-01', '2099-12-31'),
    (188, 'O', 788, 'O', '1', '2020-01-01', '2099-12-31'),
    (189, 'O', 789, 'O', '1', '2020-01-01', '2099-12-31'),
    (190, 'O', 790, 'O', '1', '2020-01-01', '2099-12-31'),
    (191, 'O', 791, 'O', '1', '2020-01-01', '2099-12-31'),
    (192, 'O', 792, 'O', '1', '2020-01-01', '2099-12-31'),
    (193, 'O', 793, 'O', '1', '2020-01-01', '2099-12-31'),
    (194, 'O', 794, 'O', '1', '2020-01-01', '2099-12-31'),
    (195, 'O', 795, 'O', '1', '2020-01-01', '2099-12-31'),
    (196, 'O', 796, 'O', '1', '2020-01-01', '2099-12-31'),
    (197, 'O', 797, 'O', '1', '2020-01-01', '2099-12-31'),
    (198, 'O', 798, 'O', '1', '2020-01-01', '2099-12-31'),
    (199, 'O', 799, 'O', '1', '2020-01-01', '2099-12-31'),
    (200, 'O', 800, 'O', '1', '2020-01-01', '2099-12-31'),
    (201, 'O', 801, 'O', '1', '2020-01-01', '2099-12-31'),
    (202, 'O', 802, 'O', '1', '2020-01-01', '2099-12-31'),
    (203, 'O', 803, 'O', '1', '2020-01-01', '2099-12-31'),
    (204, 'O', 804, 'O', '1', '2020-01-01', '2099-12-31'),
    (205, 'O', 805, 'O', '1', '2020-01-01', '2099-12-31'),
    (206, 'O', 806, 'O', '1', '2020-01-01', '2099-12-31'),
    (207, 'O', 807, 'O', '1', '2020-01-01', '2099-12-31'),
    (208, 'O', 808, 'O', '1', '2020-01-01', '2099-12-31'),
    (209, 'O', 809, 'O', '1', '2020-01-01', '2099-12-31'),
    (210, 'O', 810, 'O', '1', '2020-01-01', '2099-12-31'),
    (211, 'O', 811, 'O', '1', '2020-01-01', '2099-12-31'),
    (212, 'O', 812, 'O', '1', '2020-01-01', '2099-12-31'),
    (213, 'O', 813, 'O', '1', '2020-01-01', '2099-12-31'),
    (214, 'O', 814, 'O', '1', '2020-01-01', '2099-12-31'),
    (215, 'O', 815, 'O', '1', '2020-01-01', '2099-12-31'),
    (216, 'O', 816, 'O', '1', '2020-01-01', '2099-12-31'),
    (217, 'O', 817, 'O', '1', '2020-01-01', '2099-12-31'),
    (218, 'O', 818, 'O', '1', '2020-01-01', '2099-12-31'),
    (219, 'O', 819, 'O', '1', '2020-01-01', '2099-12-31'),
    (220, 'O', 820, 'O', '1', '2020-01-01', '2099-12-31'),
    (221, 'O', 821, 'O', '1', '2020-01-01', '2099-12-31'),
    (222, 'O', 822, 'O', '1', '2020-01-01', '2099-12-31'),
    (223, 'O', 823, 'O', '1', '2020-01-01', '2099-12-31'),
    (224, 'O', 824, 'O', '1', '2020-01-01', '2099-12-31'),
    (225, 'O', 825, 'O', '1', '2020-01-01', '2099-12-31'),
    (226, 'O', 826, 'O', '1', '2020-01-01', '2099-12-31'),
    (227, 'O', 827, 'O', '1', '2020-01-01', '2099-12-31'),
    (228, 'O', 828, 'O', '1', '2020-01-01', '2099-12-31'),
    (229, 'O', 829, 'O', '1', '2020-01-01', '2099-12-31'),
    (230, 'O', 830, 'O', '1', '2020-01-01', '2099-12-31'),
    (231, 'O', 831, 'O', '1', '2020-01-01', '2099-12-31'),
    (232, 'O', 832, 'O', '1', '2020-01-01', '2099-12-31'),
    (233, 'O', 833, 'O', '1', '2020-01-01', '2099-12-31'),
    (234, 'O', 834, 'O', '1', '2020-01-01', '2099-12-31'),
    (235, 'O', 835, 'O', '1', '2020-01-01', '2099-12-31'),
    (236, 'O', 836, 'O', '1', '2020-01-01', '2099-12-31'),
    (237, 'O', 837, 'O', '1', '2020-01-01', '2099-12-31'),
    (238, 'O', 838, 'O', '1', '2020-01-01', '2099-12-31'),
    (239, 'O', 839, 'O', '1', '2020-01-01', '2099-12-31'),
    (240, 'O', 840, 'O', '1', '2020-01-01', '2099-12-31'),
    (241, 'O', 841, 'O', '1', '2020-01-01', '2099-12-31'),
    (242, 'O', 842, 'O', '1', '2020-01-01', '2099-12-31'),
    (243, 'O', 843, 'O', '1', '2020-01-01', '2099-12-31'),
    (244, 'O', 844, 'O', '1', '2020-01-01', '2099-12-31'),
    (245, 'O', 845, 'O', '1', '2020-01-01', '2099-12-31'),
    (246, 'O', 846, 'O', '1', '2020-01-01', '2099-12-31'),
    (247, 'O', 847, 'O', '1', '2020-01-01', '2099-12-31'),
    (248, 'O', 848, 'O', '1', '2020-01-01', '2099-12-31'),
    (249, 'O', 849, 'O', '1', '2020-01-01', '2099-12-31'),
    (250, 'O', 850, 'O', '1', '2020-01-01', '2099-12-31'),
    (251, 'O', 851, 'O', '1', '2020-01-01', '2099-12-31'),
    (252, 'O', 852, 'O', '1', '2020-01-01', '2099-12-31'),
    (253, 'O', 853, 'O', '1', '2020-01-01', '2099-12-31'),
    (254, 'O', 854, 'O', '1', '2020-01-01', '2099-12-31'),
    (255, 'O', 855, 'O', '1', '2020-01-01', '2099-12-31'),
    (256, 'O', 856, 'O', '1', '2020-01-01', '2099-12-31'),
    (257, 'O', 857, 'O', '1', '2020-01-01', '2099-12-31'),
    (258, 'O', 858, 'O', '1', '2020-01-01', '2099-12-31'),
    (259, 'O', 859, 'O', '1', '2020-01-01', '2099-12-31'),
    (260, 'O', 860, 'O', '1', '2020-01-01', '2099-12-31'),
    (261, 'O', 861, 'O', '1', '2020-01-01', '2099-12-31'),
    (262, 'O', 862, 'O', '1', '2020-01-01', '2099-12-31'),
    (263, 'O', 863, 'O', '1', '2020-01-01', '2099-12-31'),
    (264, 'O', 864, 'O', '1', '2020-01-01', '2099-12-31'),
    (265, 'O', 865, 'O', '1', '2020-01-01', '2099-12-31'),
    (266, 'O', 866, 'O', '1', '2020-01-01', '2099-12-31'),
    (267, 'O', 867, 'O', '1', '2020-01-01', '2099-12-31'),
    (268, 'O', 868, 'O', '1', '2020-01-01', '2099-12-31'),
    (269, 'O', 869, 'O', '1', '2020-01-01', '2099-12-31'),
    (270, 'O', 870, 'O', '1', '2020-01-01', '2099-12-31'),
    (271, 'O', 871, 'O', '1', '2020-01-01', '2099-12-31'),
    (272, 'O', 872, 'O', '1', '2020-01-01', '2099-12-31'),
    (273, 'O', 873, 'O', '1', '2020-01-01', '2099-12-31'),
    (274, 'O', 874, 'O', '1', '2020-01-01', '2099-12-31'),
    (275, 'O', 875, 'O', '1', '2020-01-01', '2099-12-31'),
    (276, 'O', 876, 'O', '1', '2020-01-01', '2099-12-31'),
    (277, 'O', 877, 'O', '1', '2020-01-01', '2099-12-31'),
    (278, 'O', 878, 'O', '1', '2020-01-01', '2099-12-31'),
    (279, 'O', 879, 'O', '1', '2020-01-01', '2099-12-31'),
    (280, 'O', 880, 'O', '1', '2020-01-01', '2099-12-31'),
    (281, 'O', 881, 'O', '1', '2020-01-01', '2099-12-31'),
    (282, 'O', 882, 'O', '1', '2020-01-01', '2099-12-31'),
    (283, 'O', 883, 'O', '1', '2020-01-01', '2099-12-31'),
    (284, 'O', 884, 'O', '1', '2020-01-01', '2099-12-31'),
    (285, 'O', 885, 'O', '1', '2020-01-01', '2099-12-31'),
    (286, 'O', 886, 'O', '1', '2020-01-01', '2099-12-31'),
    (287, 'O', 887, 'O', '1', '2020-01-01', '2099-12-31'),
    (288, 'O', 888, 'O', '1', '2020-01-01', '2099-12-31'),
    (289, 'O', 889, 'O', '1', '2020-01-01', '2099-12-31'),
    (290, 'O', 890, 'O', '1', '2020-01-01', '2099-12-31'),
    (291, 'O', 891, 'O', '1', '2020-01-01', '2099-12-31'),
    (292, 'O', 892, 'O', '1', '2020-01-01', '2099-12-31'),
    (293, 'O', 893, 'O', '1', '2020-01-01', '2099-12-31'),
    (294, 'O', 894, 'O', '1', '2020-01-01', '2099-12-31'),
    (295, 'O', 895, 'O', '1', '2020-01-01', '2099-12-31'),
    (296, 'O', 896, 'O', '1', '2020-01-01', '2099-12-31'),
    (297, 'O', 897, 'O', '1', '2020-01-01', '2099-12-31'),
    (298, 'O', 898, 'O', '1', '2020-01-01', '2099-12-31'),
    (299, 'O', 899, 'O', '1', '2020-01-01', '2099-12-31'),
    (300, 'O', 900, 'O', '1', '2020-01-01', '2099-12-31'),
    (301, 'O', 901, 'O', '1', '2020-01-01', '2099-12-31'),
    (302, 'O', 902, 'O', '1', '2020-01-01', '2099-12-31'),
    (303, 'O', 903, 'O', '1', '2020-01-01', '2099-12-31'),
    (304, 'O', 904, 'O', '1', '2020-01-01', '2099-12-31'),
    (305, 'O', 905, 'O', '1', '2020-01-01', '2099-12-31'),
    (306, 'O', 906, 'O', '1', '2020-01-01', '2099-12-31'),
    (307, 'O', 907, 'O', '1', '2020-01-01', '2099-12-31'),
    (308, 'O', 908, 'O', '1', '2020-01-01', '2099-12-31'),
    (309, 'O', 909, 'O', '1', '2020-01-01', '2099-12-31'),
    (310, 'O', 910, 'O', '1', '2020-01-01', '2099-12-31'),
    (311, 'O', 911, 'O', '1', '2020-01-01', '2099-12-31'),
    (312, 'O', 912, 'O', '1', '2020-01-01', '2099-12-31'),
    (313, 'O', 913, 'O', '1', '2020-01-01', '2099-12-31'),
    (314, 'O', 914, 'O', '1', '2020-01-01', '2099-12-31'),
    (315, 'O', 915, 'O', '1', '2020-01-01', '2099-12-31'),
    (316, 'O', 916, 'O', '1', '2020-01-01', '2099-12-31'),
    (317, 'O', 917, 'O', '1', '2020-01-01', '2099-12-31'),
    (318, 'O', 918, 'O', '1', '2020-01-01', '2099-12-31'),
    (319, 'O', 919, 'O', '1', '2020-01-01', '2099-12-31'),
    (320, 'O', 920, 'O', '1', '2020-01-01', '2099-12-31'),
    (321, 'O', 921, 'O', '1', '2020-01-01', '2099-12-31'),
    (322, 'O', 922, 'O', '1', '2020-01-01', '2099-12-31'),
    (323, 'O', 923, 'O', '1', '2020-01-01', '2099-12-31'),
    (324, 'O', 924, 'O', '1', '2020-01-01', '2099-12-31'),
    (325, 'O', 925, 'O', '1', '2020-01-01', '2099-12-31'),
    (326, 'O', 926, 'O', '1', '2020-01-01', '2099-12-31'),
    (327, 'O', 927, 'O', '1', '2020-01-01', '2099-12-31'),
    (328, 'O', 928, 'O', '1', '2020-01-01', '2099-12-31'),
    (329, 'O', 929, 'O', '1', '2020-01-01', '2099-12-31'),
    (330, 'O', 930, 'O', '1', '2020-01-01', '2099-12-31'),
    (331, 'O', 931, 'O', '1', '2020-01-01', '2099-12-31'),
    (332, 'O', 932, 'O', '1', '2020-01-01', '2099-12-31'),
    (333, 'O', 933, 'O', '1', '2020-01-01', '2099-12-31'),
    (334, 'O', 934, 'O', '1', '2020-01-01', '2099-12-31'),
    (335, 'O', 935, 'O', '1', '2020-01-01', '2099-12-31'),
    (336, 'O', 936, 'O', '1', '2020-01-01', '2099-12-31'),
    (337, 'O', 937, 'O', '1', '2020-01-01', '2099-12-31'),
    (338, 'O', 938, 'O', '1', '2020-01-01', '2099-12-31'),
    (339, 'O', 939, 'O', '1', '2020-01-01', '2099-12-31'),
    (340, 'O', 940, 'O', '1', '2020-01-01', '2099-12-31'),
    (341, 'O', 941, 'O', '1', '2020-01-01', '2099-12-31'),
    (342, 'O', 942, 'O', '1', '2020-01-01', '2099-12-31'),
    (343, 'O', 943, 'O', '1', '2020-01-01', '2099-12-31'),
    (344, 'O', 944, 'O', '1', '2020-01-01', '2099-12-31'),
    (345, 'O', 945, 'O', '1', '2020-01-01', '2099-12-31'),
    (346, 'O', 946, 'O', '1', '2020-01-01', '2099-12-31'),
    (347, 'O', 947, 'O', '1', '2020-01-01', '2099-12-31'),
    (348, 'O', 948, 'O', '1', '2020-01-01', '2099-12-31'),
    (349, 'O', 949, 'O', '1', '2020-01-01', '2099-12-31'),
    (350, 'O', 950, 'O', '1', '2020-01-01', '2099-12-31'),
    (351, 'O', 951, 'O', '1', '2020-01-01', '2099-12-31'),
    (352, 'O', 952, 'O', '1', '2020-01-01', '2099-12-31'),
    (353, 'O', 953, 'O', '1', '2020-01-01', '2099-12-31'),
    (354, 'O', 954, 'O', '1', '2020-01-01', '2099-12-31'),
    (355, 'O', 955, 'O', '1', '2020-01-01', '2099-12-31'),
    (356, 'O', 956, 'O', '1', '2020-01-01', '2099-12-31'),
    (357, 'O', 957, 'O', '1', '2020-01-01', '2099-12-31'),
    (358, 'O', 958, 'O', '1', '2020-01-01', '2099-12-31'),
    (359, 'O', 959, 'O', '1', '2020-01-01', '2099-12-31'),
    (360, 'O', 960, 'O', '1', '2020-01-01', '2099-12-31'),
    (361, 'O', 961, 'O', '1', '2020-01-01', '2099-12-31'),
    (362, 'O', 962, 'O', '1', '2020-01-01', '2099-12-31'),
    (363, 'O', 963, 'O', '1', '2020-01-01', '2099-12-31'),
    (364, 'O', 964, 'O', '1', '2020-01-01', '2099-12-31'),
    (365, 'O', 965, 'O', '1', '2020-01-01', '2099-12-31'),
    (366, 'O', 966, 'O', '1', '2020-01-01', '2099-12-31'),
    (367, 'O', 967, 'O', '1', '2020-01-01', '2099-12-31'),
    (368, 'O', 968, 'O', '1', '2020-01-01', '2099-12-31'),
    (369, 'O', 969, 'O', '1', '2020-01-01', '2099-12-31'),
    (370, 'O', 970, 'O', '1', '2020-01-01', '2099-12-31'),
    (371, 'O', 971, 'O', '1', '2020-01-01', '2099-12-31'),
    (372, 'O', 972, 'O', '1', '2020-01-01', '2099-12-31'),
    (373, 'O', 973, 'O', '1', '2020-01-01', '2099-12-31'),
    (374, 'O', 974, 'O', '1', '2020-01-01', '2099-12-31'),
    (375, 'O', 975, 'O', '1', '2020-01-01', '2099-12-31'),
    (376, 'O', 976, 'O', '1', '2020-01-01', '2099-12-31'),
    (377, 'O', 977, 'O', '1', '2020-01-01', '2099-12-31'),
    (378, 'O', 978, 'O', '1', '2020-01-01', '2099-12-31'),
    (379, 'O', 979, 'O', '1', '2020-01-01', '2099-12-31'),
    (380, 'O', 980, 'O', '1', '2020-01-01', '2099-12-31'),
    (381, 'O', 981, 'O', '1', '2020-01-01', '2099-12-31'),
    (382, 'O', 982, 'O', '1', '2020-01-01', '2099-12-31'),
    (383, 'O', 983, 'O', '1', '2020-01-01', '2099-12-31'),
    (384, 'O', 984, 'O', '1', '2020-01-01', '2099-12-31'),
    (385, 'O', 985, 'O', '1', '2020-01-01', '2099-12-31'),
    (386, 'O', 986, 'O', '1', '2020-01-01', '2099-12-31'),
    (387, 'O', 987, 'O', '1', '2020-01-01', '2099-12-31'),
    (388, 'O', 988, 'O', '1', '2020-01-01', '2099-12-31'),
    (389, 'O', 989, 'O', '1', '2020-01-01', '2099-12-31'),
    (390, 'O', 990, 'O', '1', '2020-01-01', '2099-12-31'),
    (391, 'O', 991, 'O', '1', '2020-01-01', '2099-12-31'),
    (392, 'O', 992, 'O', '1', '2020-01-01', '2099-12-31'),
    (393, 'O', 993, 'O', '1', '2020-01-01', '2099-12-31'),
    (394, 'O', 994, 'O', '1', '2020-01-01', '2099-12-31'),
    (395, 'O', 995, 'O', '1', '2020-01-01', '2099-12-31'),
    (396, 'O', 996, 'O', '1', '2020-01-01', '2099-12-31'),
    (397, 'O', 997, 'O', '1', '2020-01-01', '2099-12-31'),
    (398, 'O', 998, 'O', '1', '2020-01-01', '2099-12-31'),
    (399, 'O', 999, 'O', '1', '2020-01-01', '2099-12-31'),
    (400, 'O', 1000, 'O', '1', '2020-01-01', '2099-12-31');

INSERT INTO public.materials (id, description, center_id, section_id, unit_of_measurement, multiply, record_status, type) VALUES
    ('000000001', 'תחמושת 5.56 מ״מ מבצעית', 1, 1, 'יחידה', 1, 'ACTIVE', 'ITEM'),
    ('000000002', 'תחמושת 7.62 מ״מ אימונים', 2, 2, 'ק״ג', 2, 'ACTIVE', 'ITEM'),
    ('000000003', 'כדור 9 מ״מ עתודה', 3, 3, 'גרם', 3, 'ACTIVE', 'ITEM'),
    ('000000004', 'מחסנית סער פלדה', 4, 4, 'ליטר', 4, 'ACTIVE', 'TOOL'),
    ('000000005', 'רימון עשן קלה', 5, 5, 'מטר', 5, 'ACTIVE', 'ITEM'),
    ('000000006', 'רימון רסס כבדה', 6, 1, 'קופסה', 6, 'ACTIVE', 'ITEM'),
    ('000000007', 'פגז 120 מ״מ מדויקת', 7, 2, 'ארגז', 7, 'INACTIVE', 'ITEM'),
    ('000000008', 'פגז 155 מ״מ מהירה', 8, 3, 'משטח', 8, 'ACTIVE', 'TOOL'),
    ('000000009', 'רקטת כתף טקטית', 9, 4, 'פגז', 9, 'ACTIVE', 'ITEM'),
    ('000000010', 'רקטה ארטילרית ארוכת טווח', 10, 5, 'רקטה', 10, 'ACTIVE', 'ITEM'),
    ('000000011', 'טיל נ״ט מבצעית', 1, 1, 'מחסנית', 11, 'ACTIVE', 'ITEM'),
    ('000000012', 'טיל קרקע קרקע אימונים', 2, 2, 'טיל', 12, 'ACTIVE', 'TOOL'),
    ('000000013', 'מרגמה 60 מ״מ עתודה', 3, 3, 'יחידה', 1, 'ACTIVE', 'ITEM'),
    ('000000014', 'מרגמה 81 מ״מ פלדה', 4, 4, 'ק״ג', 2, 'INACTIVE', 'ITEM'),
    ('000000015', 'מקלע כבד קלה', 5, 5, 'גרם', 3, 'ACTIVE', 'ITEM'),
    ('000000016', 'מקלע בינוני כבדה', 6, 1, 'ליטר', 4, 'ACTIVE', 'TOOL'),
    ('000000017', 'רובה סער מדויקת', 7, 2, 'מטר', 5, 'ACTIVE', 'ITEM'),
    ('000000018', 'אקדח שירות מהירה', 8, 3, 'קופסה', 6, 'ACTIVE', 'ITEM'),
    ('000000019', 'טנק מערכה טקטית', 9, 4, 'ארגז', 7, 'ACTIVE', 'ITEM'),
    ('000000020', 'נגמ״ש לחימה ארוכת טווח', 10, 5, 'משטח', 8, 'ACTIVE', 'TOOL'),
    ('000000021', 'ערכת ניקוי נשק מבצעית', 1, 1, 'פגז', 9, 'INACTIVE', 'ITEM'),
    ('000000022', 'כוונת אופטית אימונים', 2, 2, 'רקטה', 10, 'ACTIVE', 'ITEM'),
    ('000000023', 'סוללת קשר עתודה', 3, 3, 'מחסנית', 11, 'ACTIVE', 'ITEM'),
    ('000000024', 'ערכת פריצה פלדה', 4, 4, 'טיל', 12, 'ACTIVE', 'TOOL'),
    ('000000025', 'תחמושת 5.56 מ״מ קלה', 5, 5, 'יחידה', 1, 'ACTIVE', 'ITEM'),
    ('000000026', 'תחמושת 7.62 מ״מ כבדה', 6, 1, 'ק״ג', 2, 'ACTIVE', 'ITEM'),
    ('000000027', 'כדור 9 מ״מ מדויקת', 7, 2, 'גרם', 3, 'ACTIVE', 'ITEM'),
    ('000000028', 'מחסנית סער מהירה', 8, 3, 'ליטר', 4, 'INACTIVE', 'TOOL'),
    ('000000029', 'רימון עשן טקטית', 9, 4, 'מטר', 5, 'ACTIVE', 'ITEM'),
    ('000000030', 'רימון רסס ארוכת טווח', 10, 5, 'קופסה', 6, 'ACTIVE', 'ITEM'),
    ('000000031', 'פגז 120 מ״מ מבצעית', 1, 1, 'ארגז', 7, 'ACTIVE', 'ITEM'),
    ('000000032', 'פגז 155 מ״מ אימונים', 2, 2, 'משטח', 8, 'ACTIVE', 'TOOL'),
    ('000000033', 'רקטת כתף עתודה', 3, 3, 'פגז', 9, 'ACTIVE', 'ITEM'),
    ('000000034', 'רקטה ארטילרית פלדה', 4, 4, 'רקטה', 10, 'ACTIVE', 'ITEM'),
    ('000000035', 'טיל נ״ט קלה', 5, 5, 'מחסנית', 11, 'INACTIVE', 'ITEM'),
    ('000000036', 'טיל קרקע קרקע כבדה', 6, 1, 'טיל', 12, 'ACTIVE', 'TOOL'),
    ('000000037', 'מרגמה 60 מ״מ מדויקת', 7, 2, 'יחידה', 1, 'ACTIVE', 'ITEM'),
    ('000000038', 'מרגמה 81 מ״מ מהירה', 8, 3, 'ק״ג', 2, 'ACTIVE', 'ITEM'),
    ('000000039', 'מקלע כבד טקטית', 9, 4, 'גרם', 3, 'ACTIVE', 'ITEM'),
    ('000000040', 'מקלע בינוני ארוכת טווח', 10, 5, 'ליטר', 4, 'ACTIVE', 'TOOL'),
    ('000000041', 'רובה סער מבצעית', 1, 1, 'מטר', 5, 'ACTIVE', 'ITEM'),
    ('000000042', 'אקדח שירות אימונים', 2, 2, 'קופסה', 6, 'INACTIVE', 'ITEM'),
    ('000000043', 'טנק מערכה עתודה', 3, 3, 'ארגז', 7, 'ACTIVE', 'ITEM'),
    ('000000044', 'נגמ״ש לחימה פלדה', 4, 4, 'משטח', 8, 'ACTIVE', 'TOOL'),
    ('000000045', 'ערכת ניקוי נשק קלה', 5, 5, 'פגז', 9, 'ACTIVE', 'ITEM'),
    ('000000046', 'כוונת אופטית כבדה', 6, 1, 'רקטה', 10, 'ACTIVE', 'ITEM'),
    ('000000047', 'סוללת קשר מדויקת', 7, 2, 'מחסנית', 11, 'ACTIVE', 'ITEM'),
    ('000000048', 'ערכת פריצה מהירה', 8, 3, 'טיל', 12, 'ACTIVE', 'TOOL'),
    ('000000049', 'תחמושת 5.56 מ״מ טקטית', 9, 4, 'יחידה', 1, 'INACTIVE', 'ITEM'),
    ('000000050', 'תחמושת 7.62 מ״מ ארוכת טווח', 10, 5, 'ק״ג', 2, 'ACTIVE', 'ITEM'),
    ('000000051', 'כדור 9 מ״מ מבצעית', 1, 1, 'גרם', 3, 'ACTIVE', 'ITEM'),
    ('000000052', 'מחסנית סער אימונים', 2, 2, 'ליטר', 4, 'ACTIVE', 'TOOL'),
    ('000000053', 'רימון עשן עתודה', 3, 3, 'מטר', 5, 'ACTIVE', 'ITEM'),
    ('000000054', 'רימון רסס פלדה', 4, 4, 'קופסה', 6, 'ACTIVE', 'ITEM'),
    ('000000055', 'פגז 120 מ״מ קלה', 5, 5, 'ארגז', 7, 'ACTIVE', 'ITEM'),
    ('000000056', 'פגז 155 מ״מ כבדה', 6, 1, 'משטח', 8, 'INACTIVE', 'TOOL'),
    ('000000057', 'רקטת כתף מדויקת', 7, 2, 'פגז', 9, 'ACTIVE', 'ITEM'),
    ('000000058', 'רקטה ארטילרית מהירה', 8, 3, 'רקטה', 10, 'ACTIVE', 'ITEM'),
    ('000000059', 'טיל נ״ט טקטית', 9, 4, 'מחסנית', 11, 'ACTIVE', 'ITEM'),
    ('000000060', 'טיל קרקע קרקע ארוכת טווח', 10, 5, 'טיל', 12, 'ACTIVE', 'TOOL'),
    ('000000061', 'מרגמה 60 מ״מ מבצעית', 1, 1, 'יחידה', 1, 'ACTIVE', 'ITEM'),
    ('000000062', 'מרגמה 81 מ״מ אימונים', 2, 2, 'ק״ג', 2, 'ACTIVE', 'ITEM'),
    ('000000063', 'מקלע כבד עתודה', 3, 3, 'גרם', 3, 'INACTIVE', 'ITEM'),
    ('000000064', 'מקלע בינוני פלדה', 4, 4, 'ליטר', 4, 'ACTIVE', 'TOOL'),
    ('000000065', 'רובה סער קלה', 5, 5, 'מטר', 5, 'ACTIVE', 'ITEM'),
    ('000000066', 'אקדח שירות כבדה', 6, 1, 'קופסה', 6, 'ACTIVE', 'ITEM'),
    ('000000067', 'טנק מערכה מדויקת', 7, 2, 'ארגז', 7, 'ACTIVE', 'ITEM'),
    ('000000068', 'נגמ״ש לחימה מהירה', 8, 3, 'משטח', 8, 'ACTIVE', 'TOOL'),
    ('000000069', 'ערכת ניקוי נשק טקטית', 9, 4, 'פגז', 9, 'ACTIVE', 'ITEM'),
    ('000000070', 'כוונת אופטית ארוכת טווח', 10, 5, 'רקטה', 10, 'INACTIVE', 'ITEM'),
    ('000000071', 'סוללת קשר מבצעית', 1, 1, 'מחסנית', 11, 'ACTIVE', 'ITEM'),
    ('000000072', 'ערכת פריצה אימונים', 2, 2, 'טיל', 12, 'ACTIVE', 'TOOL'),
    ('000000073', 'תחמושת 5.56 מ״מ עתודה', 3, 3, 'יחידה', 1, 'ACTIVE', 'ITEM'),
    ('000000074', 'תחמושת 7.62 מ״מ פלדה', 4, 4, 'ק״ג', 2, 'ACTIVE', 'ITEM'),
    ('000000075', 'כדור 9 מ״מ קלה', 5, 5, 'גרם', 3, 'ACTIVE', 'ITEM'),
    ('000000076', 'מחסנית סער כבדה', 6, 1, 'ליטר', 4, 'ACTIVE', 'TOOL'),
    ('000000077', 'רימון עשן מדויקת', 7, 2, 'מטר', 5, 'INACTIVE', 'ITEM'),
    ('000000078', 'רימון רסס מהירה', 8, 3, 'קופסה', 6, 'ACTIVE', 'ITEM'),
    ('000000079', 'פגז 120 מ״מ טקטית', 9, 4, 'ארגז', 7, 'ACTIVE', 'ITEM'),
    ('000000080', 'פגז 155 מ״מ ארוכת טווח', 10, 5, 'משטח', 8, 'ACTIVE', 'TOOL'),
    ('000000081', 'רקטת כתף מבצעית', 1, 1, 'פגז', 9, 'ACTIVE', 'ITEM'),
    ('000000082', 'רקטה ארטילרית אימונים', 2, 2, 'רקטה', 10, 'ACTIVE', 'ITEM'),
    ('000000083', 'טיל נ״ט עתודה', 3, 3, 'מחסנית', 11, 'ACTIVE', 'ITEM'),
    ('000000084', 'טיל קרקע קרקע פלדה', 4, 4, 'טיל', 12, 'INACTIVE', 'TOOL'),
    ('000000085', 'מרגמה 60 מ״מ קלה', 5, 5, 'יחידה', 1, 'ACTIVE', 'ITEM'),
    ('000000086', 'מרגמה 81 מ״מ כבדה', 6, 1, 'ק״ג', 2, 'ACTIVE', 'ITEM'),
    ('000000087', 'מקלע כבד מדויקת', 7, 2, 'גרם', 3, 'ACTIVE', 'ITEM'),
    ('000000088', 'מקלע בינוני מהירה', 8, 3, 'ליטר', 4, 'ACTIVE', 'TOOL'),
    ('000000089', 'רובה סער טקטית', 9, 4, 'מטר', 5, 'ACTIVE', 'ITEM'),
    ('000000090', 'אקדח שירות ארוכת טווח', 10, 5, 'קופסה', 6, 'ACTIVE', 'ITEM'),
    ('000000091', 'טנק מערכה מבצעית', 1, 1, 'ארגז', 7, 'INACTIVE', 'ITEM'),
    ('000000092', 'נגמ״ש לחימה אימונים', 2, 2, 'משטח', 8, 'ACTIVE', 'TOOL'),
    ('000000093', 'ערכת ניקוי נשק עתודה', 3, 3, 'פגז', 9, 'ACTIVE', 'ITEM'),
    ('000000094', 'כוונת אופטית פלדה', 4, 4, 'רקטה', 10, 'ACTIVE', 'ITEM'),
    ('000000095', 'סוללת קשר קלה', 5, 5, 'מחסנית', 11, 'ACTIVE', 'ITEM'),
    ('000000096', 'ערכת פריצה כבדה', 6, 1, 'טיל', 12, 'ACTIVE', 'TOOL'),
    ('000000097', 'תחמושת 5.56 מ״מ מדויקת', 7, 2, 'יחידה', 1, 'ACTIVE', 'ITEM'),
    ('000000098', 'תחמושת 7.62 מ״מ מהירה', 8, 3, 'ק״ג', 2, 'INACTIVE', 'ITEM'),
    ('000000099', 'כדור 9 מ״מ טקטית', 9, 4, 'גרם', 3, 'ACTIVE', 'ITEM'),
    ('000000100', 'מחסנית סער ארוכת טווח', 10, 5, 'ליטר', 4, 'ACTIVE', 'TOOL'),
    ('000000101', 'רימון עשן מבצעית', 1, 1, 'מטר', 5, 'ACTIVE', 'ITEM'),
    ('000000102', 'רימון רסס אימונים', 2, 2, 'קופסה', 6, 'ACTIVE', 'ITEM'),
    ('000000103', 'פגז 120 מ״מ עתודה', 3, 3, 'ארגז', 7, 'ACTIVE', 'ITEM'),
    ('000000104', 'פגז 155 מ״מ פלדה', 4, 4, 'משטח', 8, 'ACTIVE', 'TOOL'),
    ('000000105', 'רקטת כתף קלה', 5, 5, 'פגז', 9, 'INACTIVE', 'ITEM'),
    ('000000106', 'רקטה ארטילרית כבדה', 6, 1, 'רקטה', 10, 'ACTIVE', 'ITEM'),
    ('000000107', 'טיל נ״ט מדויקת', 7, 2, 'מחסנית', 11, 'ACTIVE', 'ITEM'),
    ('000000108', 'טיל קרקע קרקע מהירה', 8, 3, 'טיל', 12, 'ACTIVE', 'TOOL'),
    ('000000109', 'מרגמה 60 מ״מ טקטית', 9, 4, 'יחידה', 1, 'ACTIVE', 'ITEM'),
    ('000000110', 'מרגמה 81 מ״מ ארוכת טווח', 10, 5, 'ק״ג', 2, 'ACTIVE', 'ITEM'),
    ('000000111', 'מקלע כבד מבצעית', 1, 1, 'גרם', 3, 'ACTIVE', 'ITEM'),
    ('000000112', 'מקלע בינוני אימונים', 2, 2, 'ליטר', 4, 'INACTIVE', 'TOOL'),
    ('000000113', 'רובה סער עתודה', 3, 3, 'מטר', 5, 'ACTIVE', 'ITEM'),
    ('000000114', 'אקדח שירות פלדה', 4, 4, 'קופסה', 6, 'ACTIVE', 'ITEM'),
    ('000000115', 'טנק מערכה קלה', 5, 5, 'ארגז', 7, 'ACTIVE', 'ITEM'),
    ('000000116', 'נגמ״ש לחימה כבדה', 6, 1, 'משטח', 8, 'ACTIVE', 'TOOL'),
    ('000000117', 'ערכת ניקוי נשק מדויקת', 7, 2, 'פגז', 9, 'ACTIVE', 'ITEM'),
    ('000000118', 'כוונת אופטית מהירה', 8, 3, 'רקטה', 10, 'ACTIVE', 'ITEM'),
    ('000000119', 'סוללת קשר טקטית', 9, 4, 'מחסנית', 11, 'INACTIVE', 'ITEM'),
    ('000000120', 'ערכת פריצה ארוכת טווח', 10, 5, 'טיל', 12, 'ACTIVE', 'TOOL'),
    ('000000121', 'תחמושת 5.56 מ״מ מבצעית', 1, 1, 'יחידה', 1, 'ACTIVE', 'ITEM'),
    ('000000122', 'תחמושת 7.62 מ״מ אימונים', 2, 2, 'ק״ג', 2, 'ACTIVE', 'ITEM'),
    ('000000123', 'כדור 9 מ״מ עתודה', 3, 3, 'גרם', 3, 'ACTIVE', 'ITEM'),
    ('000000124', 'מחסנית סער פלדה', 4, 4, 'ליטר', 4, 'ACTIVE', 'TOOL'),
    ('000000125', 'רימון עשן קלה', 5, 5, 'מטר', 5, 'ACTIVE', 'ITEM'),
    ('000000126', 'רימון רסס כבדה', 6, 1, 'קופסה', 6, 'INACTIVE', 'ITEM'),
    ('000000127', 'פגז 120 מ״מ מדויקת', 7, 2, 'ארגז', 7, 'ACTIVE', 'ITEM'),
    ('000000128', 'פגז 155 מ״מ מהירה', 8, 3, 'משטח', 8, 'ACTIVE', 'TOOL'),
    ('000000129', 'רקטת כתף טקטית', 9, 4, 'פגז', 9, 'ACTIVE', 'ITEM'),
    ('000000130', 'רקטה ארטילרית ארוכת טווח', 10, 5, 'רקטה', 10, 'ACTIVE', 'ITEM'),
    ('000000131', 'טיל נ״ט מבצעית', 1, 1, 'מחסנית', 11, 'ACTIVE', 'ITEM'),
    ('000000132', 'טיל קרקע קרקע אימונים', 2, 2, 'טיל', 12, 'ACTIVE', 'TOOL'),
    ('000000133', 'מרגמה 60 מ״מ עתודה', 3, 3, 'יחידה', 1, 'INACTIVE', 'ITEM'),
    ('000000134', 'מרגמה 81 מ״מ פלדה', 4, 4, 'ק״ג', 2, 'ACTIVE', 'ITEM'),
    ('000000135', 'מקלע כבד קלה', 5, 5, 'גרם', 3, 'ACTIVE', 'ITEM'),
    ('000000136', 'מקלע בינוני כבדה', 6, 1, 'ליטר', 4, 'ACTIVE', 'TOOL'),
    ('000000137', 'רובה סער מדויקת', 7, 2, 'מטר', 5, 'ACTIVE', 'ITEM'),
    ('000000138', 'אקדח שירות מהירה', 8, 3, 'קופסה', 6, 'ACTIVE', 'ITEM'),
    ('000000139', 'טנק מערכה טקטית', 9, 4, 'ארגז', 7, 'ACTIVE', 'ITEM'),
    ('000000140', 'נגמ״ש לחימה ארוכת טווח', 10, 5, 'משטח', 8, 'INACTIVE', 'TOOL'),
    ('000000141', 'ערכת ניקוי נשק מבצעית', 1, 1, 'פגז', 9, 'ACTIVE', 'ITEM'),
    ('000000142', 'כוונת אופטית אימונים', 2, 2, 'רקטה', 10, 'ACTIVE', 'ITEM'),
    ('000000143', 'סוללת קשר עתודה', 3, 3, 'מחסנית', 11, 'ACTIVE', 'ITEM'),
    ('000000144', 'ערכת פריצה פלדה', 4, 4, 'טיל', 12, 'ACTIVE', 'TOOL'),
    ('000000145', 'תחמושת 5.56 מ״מ קלה', 5, 5, 'יחידה', 1, 'ACTIVE', 'ITEM'),
    ('000000146', 'תחמושת 7.62 מ״מ כבדה', 6, 1, 'ק״ג', 2, 'ACTIVE', 'ITEM'),
    ('000000147', 'כדור 9 מ״מ מדויקת', 7, 2, 'גרם', 3, 'INACTIVE', 'ITEM'),
    ('000000148', 'מחסנית סער מהירה', 8, 3, 'ליטר', 4, 'ACTIVE', 'TOOL'),
    ('000000149', 'רימון עשן טקטית', 9, 4, 'מטר', 5, 'ACTIVE', 'ITEM'),
    ('000000150', 'רימון רסס ארוכת טווח', 10, 5, 'קופסה', 6, 'ACTIVE', 'ITEM'),
    ('000000151', 'פגז 120 מ״מ מבצעית', 1, 1, 'ארגז', 7, 'ACTIVE', 'ITEM'),
    ('000000152', 'פגז 155 מ״מ אימונים', 2, 2, 'משטח', 8, 'ACTIVE', 'TOOL'),
    ('000000153', 'רקטת כתף עתודה', 3, 3, 'פגז', 9, 'ACTIVE', 'ITEM'),
    ('000000154', 'רקטה ארטילרית פלדה', 4, 4, 'רקטה', 10, 'INACTIVE', 'ITEM'),
    ('000000155', 'טיל נ״ט קלה', 5, 5, 'מחסנית', 11, 'ACTIVE', 'ITEM'),
    ('000000156', 'טיל קרקע קרקע כבדה', 6, 1, 'טיל', 12, 'ACTIVE', 'TOOL'),
    ('000000157', 'מרגמה 60 מ״מ מדויקת', 7, 2, 'יחידה', 1, 'ACTIVE', 'ITEM'),
    ('000000158', 'מרגמה 81 מ״מ מהירה', 8, 3, 'ק״ג', 2, 'ACTIVE', 'ITEM'),
    ('000000159', 'מקלע כבד טקטית', 9, 4, 'גרם', 3, 'ACTIVE', 'ITEM'),
    ('000000160', 'מקלע בינוני ארוכת טווח', 10, 5, 'ליטר', 4, 'ACTIVE', 'TOOL'),
    ('000000161', 'רובה סער מבצעית', 1, 1, 'מטר', 5, 'INACTIVE', 'ITEM'),
    ('000000162', 'אקדח שירות אימונים', 2, 2, 'קופסה', 6, 'ACTIVE', 'ITEM'),
    ('000000163', 'טנק מערכה עתודה', 3, 3, 'ארגז', 7, 'ACTIVE', 'ITEM'),
    ('000000164', 'נגמ״ש לחימה פלדה', 4, 4, 'משטח', 8, 'ACTIVE', 'TOOL'),
    ('000000165', 'ערכת ניקוי נשק קלה', 5, 5, 'פגז', 9, 'ACTIVE', 'ITEM'),
    ('000000166', 'כוונת אופטית כבדה', 6, 1, 'רקטה', 10, 'ACTIVE', 'ITEM'),
    ('000000167', 'סוללת קשר מדויקת', 7, 2, 'מחסנית', 11, 'ACTIVE', 'ITEM'),
    ('000000168', 'ערכת פריצה מהירה', 8, 3, 'טיל', 12, 'INACTIVE', 'TOOL'),
    ('000000169', 'תחמושת 5.56 מ״מ טקטית', 9, 4, 'יחידה', 1, 'ACTIVE', 'ITEM'),
    ('000000170', 'תחמושת 7.62 מ״מ ארוכת טווח', 10, 5, 'ק״ג', 2, 'ACTIVE', 'ITEM'),
    ('000000171', 'כדור 9 מ״מ מבצעית', 1, 1, 'גרם', 3, 'ACTIVE', 'ITEM'),
    ('000000172', 'מחסנית סער אימונים', 2, 2, 'ליטר', 4, 'ACTIVE', 'TOOL'),
    ('000000173', 'רימון עשן עתודה', 3, 3, 'מטר', 5, 'ACTIVE', 'ITEM'),
    ('000000174', 'רימון רסס פלדה', 4, 4, 'קופסה', 6, 'ACTIVE', 'ITEM'),
    ('000000175', 'פגז 120 מ״מ קלה', 5, 5, 'ארגז', 7, 'INACTIVE', 'ITEM'),
    ('000000176', 'פגז 155 מ״מ כבדה', 6, 1, 'משטח', 8, 'ACTIVE', 'TOOL'),
    ('000000177', 'רקטת כתף מדויקת', 7, 2, 'פגז', 9, 'ACTIVE', 'ITEM'),
    ('000000178', 'רקטה ארטילרית מהירה', 8, 3, 'רקטה', 10, 'ACTIVE', 'ITEM'),
    ('000000179', 'טיל נ״ט טקטית', 9, 4, 'מחסנית', 11, 'ACTIVE', 'ITEM'),
    ('000000180', 'טיל קרקע קרקע ארוכת טווח', 10, 5, 'טיל', 12, 'ACTIVE', 'TOOL'),
    ('000000181', 'מרגמה 60 מ״מ מבצעית', 1, 1, 'יחידה', 1, 'ACTIVE', 'ITEM'),
    ('000000182', 'מרגמה 81 מ״מ אימונים', 2, 2, 'ק״ג', 2, 'INACTIVE', 'ITEM'),
    ('000000183', 'מקלע כבד עתודה', 3, 3, 'גרם', 3, 'ACTIVE', 'ITEM'),
    ('000000184', 'מקלע בינוני פלדה', 4, 4, 'ליטר', 4, 'ACTIVE', 'TOOL'),
    ('000000185', 'רובה סער קלה', 5, 5, 'מטר', 5, 'ACTIVE', 'ITEM'),
    ('000000186', 'אקדח שירות כבדה', 6, 1, 'קופסה', 6, 'ACTIVE', 'ITEM'),
    ('000000187', 'טנק מערכה מדויקת', 7, 2, 'ארגז', 7, 'ACTIVE', 'ITEM'),
    ('000000188', 'נגמ״ש לחימה מהירה', 8, 3, 'משטח', 8, 'ACTIVE', 'TOOL'),
    ('000000189', 'ערכת ניקוי נשק טקטית', 9, 4, 'פגז', 9, 'INACTIVE', 'ITEM'),
    ('000000190', 'כוונת אופטית ארוכת טווח', 10, 5, 'רקטה', 10, 'ACTIVE', 'ITEM'),
    ('000000191', 'סוללת קשר מבצעית', 1, 1, 'מחסנית', 11, 'ACTIVE', 'ITEM'),
    ('000000192', 'ערכת פריצה אימונים', 2, 2, 'טיל', 12, 'ACTIVE', 'TOOL'),
    ('000000193', 'תחמושת 5.56 מ״מ עתודה', 3, 3, 'יחידה', 1, 'ACTIVE', 'ITEM'),
    ('000000194', 'תחמושת 7.62 מ״מ פלדה', 4, 4, 'ק״ג', 2, 'ACTIVE', 'ITEM'),
    ('000000195', 'כדור 9 מ״מ קלה', 5, 5, 'גרם', 3, 'ACTIVE', 'ITEM'),
    ('000000196', 'מחסנית סער כבדה', 6, 1, 'ליטר', 4, 'INACTIVE', 'TOOL'),
    ('000000197', 'רימון עשן מדויקת', 7, 2, 'מטר', 5, 'ACTIVE', 'ITEM'),
    ('000000198', 'רימון רסס מהירה', 8, 3, 'קופסה', 6, 'ACTIVE', 'ITEM'),
    ('000000199', 'פגז 120 מ״מ טקטית', 9, 4, 'ארגז', 7, 'ACTIVE', 'ITEM'),
    ('000000200', 'פגז 155 מ״מ ארוכת טווח', 10, 5, 'משטח', 8, 'ACTIVE', 'TOOL'),
    ('000000201', 'רקטת כתף מבצעית', 1, 1, 'פגז', 9, 'ACTIVE', 'ITEM'),
    ('000000202', 'רקטה ארטילרית אימונים', 2, 2, 'רקטה', 10, 'ACTIVE', 'ITEM'),
    ('000000203', 'טיל נ״ט עתודה', 3, 3, 'מחסנית', 11, 'INACTIVE', 'ITEM'),
    ('000000204', 'טיל קרקע קרקע פלדה', 4, 4, 'טיל', 12, 'ACTIVE', 'TOOL'),
    ('000000205', 'מרגמה 60 מ״מ קלה', 5, 5, 'יחידה', 1, 'ACTIVE', 'ITEM'),
    ('000000206', 'מרגמה 81 מ״מ כבדה', 6, 1, 'ק״ג', 2, 'ACTIVE', 'ITEM'),
    ('000000207', 'מקלע כבד מדויקת', 7, 2, 'גרם', 3, 'ACTIVE', 'ITEM'),
    ('000000208', 'מקלע בינוני מהירה', 8, 3, 'ליטר', 4, 'ACTIVE', 'TOOL'),
    ('000000209', 'רובה סער טקטית', 9, 4, 'מטר', 5, 'ACTIVE', 'ITEM'),
    ('000000210', 'אקדח שירות ארוכת טווח', 10, 5, 'קופסה', 6, 'INACTIVE', 'ITEM'),
    ('000000211', 'טנק מערכה מבצעית', 1, 1, 'ארגז', 7, 'ACTIVE', 'ITEM'),
    ('000000212', 'נגמ״ש לחימה אימונים', 2, 2, 'משטח', 8, 'ACTIVE', 'TOOL'),
    ('000000213', 'ערכת ניקוי נשק עתודה', 3, 3, 'פגז', 9, 'ACTIVE', 'ITEM'),
    ('000000214', 'כוונת אופטית פלדה', 4, 4, 'רקטה', 10, 'ACTIVE', 'ITEM'),
    ('000000215', 'סוללת קשר קלה', 5, 5, 'מחסנית', 11, 'ACTIVE', 'ITEM'),
    ('000000216', 'ערכת פריצה כבדה', 6, 1, 'טיל', 12, 'ACTIVE', 'TOOL'),
    ('000000217', 'תחמושת 5.56 מ״מ מדויקת', 7, 2, 'יחידה', 1, 'INACTIVE', 'ITEM'),
    ('000000218', 'תחמושת 7.62 מ״מ מהירה', 8, 3, 'ק״ג', 2, 'ACTIVE', 'ITEM'),
    ('000000219', 'כדור 9 מ״מ טקטית', 9, 4, 'גרם', 3, 'ACTIVE', 'ITEM'),
    ('000000220', 'מחסנית סער ארוכת טווח', 10, 5, 'ליטר', 4, 'ACTIVE', 'TOOL'),
    ('000000221', 'רימון עשן מבצעית', 1, 1, 'מטר', 5, 'ACTIVE', 'ITEM'),
    ('000000222', 'רימון רסס אימונים', 2, 2, 'קופסה', 6, 'ACTIVE', 'ITEM'),
    ('000000223', 'פגז 120 מ״מ עתודה', 3, 3, 'ארגז', 7, 'ACTIVE', 'ITEM'),
    ('000000224', 'פגז 155 מ״מ פלדה', 4, 4, 'משטח', 8, 'INACTIVE', 'TOOL'),
    ('000000225', 'רקטת כתף קלה', 5, 5, 'פגז', 9, 'ACTIVE', 'ITEM'),
    ('000000226', 'רקטה ארטילרית כבדה', 6, 1, 'רקטה', 10, 'ACTIVE', 'ITEM'),
    ('000000227', 'טיל נ״ט מדויקת', 7, 2, 'מחסנית', 11, 'ACTIVE', 'ITEM'),
    ('000000228', 'טיל קרקע קרקע מהירה', 8, 3, 'טיל', 12, 'ACTIVE', 'TOOL'),
    ('000000229', 'מרגמה 60 מ״מ טקטית', 9, 4, 'יחידה', 1, 'ACTIVE', 'ITEM'),
    ('000000230', 'מרגמה 81 מ״מ ארוכת טווח', 10, 5, 'ק״ג', 2, 'ACTIVE', 'ITEM'),
    ('000000231', 'מקלע כבד מבצעית', 1, 1, 'גרם', 3, 'INACTIVE', 'ITEM'),
    ('000000232', 'מקלע בינוני אימונים', 2, 2, 'ליטר', 4, 'ACTIVE', 'TOOL'),
    ('000000233', 'רובה סער עתודה', 3, 3, 'מטר', 5, 'ACTIVE', 'ITEM'),
    ('000000234', 'אקדח שירות פלדה', 4, 4, 'קופסה', 6, 'ACTIVE', 'ITEM'),
    ('000000235', 'טנק מערכה קלה', 5, 5, 'ארגז', 7, 'ACTIVE', 'ITEM'),
    ('000000236', 'נגמ״ש לחימה כבדה', 6, 1, 'משטח', 8, 'ACTIVE', 'TOOL'),
    ('000000237', 'ערכת ניקוי נשק מדויקת', 7, 2, 'פגז', 9, 'ACTIVE', 'ITEM'),
    ('000000238', 'כוונת אופטית מהירה', 8, 3, 'רקטה', 10, 'INACTIVE', 'ITEM'),
    ('000000239', 'סוללת קשר טקטית', 9, 4, 'מחסנית', 11, 'ACTIVE', 'ITEM'),
    ('000000240', 'ערכת פריצה ארוכת טווח', 10, 5, 'טיל', 12, 'ACTIVE', 'TOOL'),
    ('000000241', 'תחמושת 5.56 מ״מ מבצעית', 1, 1, 'יחידה', 1, 'ACTIVE', 'ITEM'),
    ('000000242', 'תחמושת 7.62 מ״מ אימונים', 2, 2, 'ק״ג', 2, 'ACTIVE', 'ITEM'),
    ('000000243', 'כדור 9 מ״מ עתודה', 3, 3, 'גרם', 3, 'ACTIVE', 'ITEM'),
    ('000000244', 'מחסנית סער פלדה', 4, 4, 'ליטר', 4, 'ACTIVE', 'TOOL'),
    ('000000245', 'רימון עשן קלה', 5, 5, 'מטר', 5, 'INACTIVE', 'ITEM'),
    ('000000246', 'רימון רסס כבדה', 6, 1, 'קופסה', 6, 'ACTIVE', 'ITEM'),
    ('000000247', 'פגז 120 מ״מ מדויקת', 7, 2, 'ארגז', 7, 'ACTIVE', 'ITEM'),
    ('000000248', 'פגז 155 מ״מ מהירה', 8, 3, 'משטח', 8, 'ACTIVE', 'TOOL'),
    ('000000249', 'רקטת כתף טקטית', 9, 4, 'פגז', 9, 'ACTIVE', 'ITEM'),
    ('000000250', 'רקטה ארטילרית ארוכת טווח', 10, 5, 'רקטה', 10, 'ACTIVE', 'ITEM'),
    ('000000251', 'טיל נ״ט מבצעית', 1, 1, 'מחסנית', 11, 'ACTIVE', 'ITEM'),
    ('000000252', 'טיל קרקע קרקע אימונים', 2, 2, 'טיל', 12, 'INACTIVE', 'TOOL'),
    ('000000253', 'מרגמה 60 מ״מ עתודה', 3, 3, 'יחידה', 1, 'ACTIVE', 'ITEM'),
    ('000000254', 'מרגמה 81 מ״מ פלדה', 4, 4, 'ק״ג', 2, 'ACTIVE', 'ITEM'),
    ('000000255', 'מקלע כבד קלה', 5, 5, 'גרם', 3, 'ACTIVE', 'ITEM'),
    ('000000256', 'מקלע בינוני כבדה', 6, 1, 'ליטר', 4, 'ACTIVE', 'TOOL'),
    ('000000257', 'רובה סער מדויקת', 7, 2, 'מטר', 5, 'ACTIVE', 'ITEM'),
    ('000000258', 'אקדח שירות מהירה', 8, 3, 'קופסה', 6, 'ACTIVE', 'ITEM'),
    ('000000259', 'טנק מערכה טקטית', 9, 4, 'ארגז', 7, 'INACTIVE', 'ITEM'),
    ('000000260', 'נגמ״ש לחימה ארוכת טווח', 10, 5, 'משטח', 8, 'ACTIVE', 'TOOL'),
    ('000000261', 'ערכת ניקוי נשק מבצעית', 1, 1, 'פגז', 9, 'ACTIVE', 'ITEM'),
    ('000000262', 'כוונת אופטית אימונים', 2, 2, 'רקטה', 10, 'ACTIVE', 'ITEM'),
    ('000000263', 'סוללת קשר עתודה', 3, 3, 'מחסנית', 11, 'ACTIVE', 'ITEM'),
    ('000000264', 'ערכת פריצה פלדה', 4, 4, 'טיל', 12, 'ACTIVE', 'TOOL'),
    ('000000265', 'תחמושת 5.56 מ״מ קלה', 5, 5, 'יחידה', 1, 'ACTIVE', 'ITEM'),
    ('000000266', 'תחמושת 7.62 מ״מ כבדה', 6, 1, 'ק״ג', 2, 'INACTIVE', 'ITEM'),
    ('000000267', 'כדור 9 מ״מ מדויקת', 7, 2, 'גרם', 3, 'ACTIVE', 'ITEM'),
    ('000000268', 'מחסנית סער מהירה', 8, 3, 'ליטר', 4, 'ACTIVE', 'TOOL'),
    ('000000269', 'רימון עשן טקטית', 9, 4, 'מטר', 5, 'ACTIVE', 'ITEM'),
    ('000000270', 'רימון רסס ארוכת טווח', 10, 5, 'קופסה', 6, 'ACTIVE', 'ITEM'),
    ('000000271', 'פגז 120 מ״מ מבצעית', 1, 1, 'ארגז', 7, 'ACTIVE', 'ITEM'),
    ('000000272', 'פגז 155 מ״מ אימונים', 2, 2, 'משטח', 8, 'ACTIVE', 'TOOL'),
    ('000000273', 'רקטת כתף עתודה', 3, 3, 'פגז', 9, 'INACTIVE', 'ITEM'),
    ('000000274', 'רקטה ארטילרית פלדה', 4, 4, 'רקטה', 10, 'ACTIVE', 'ITEM'),
    ('000000275', 'טיל נ״ט קלה', 5, 5, 'מחסנית', 11, 'ACTIVE', 'ITEM'),
    ('000000276', 'טיל קרקע קרקע כבדה', 6, 1, 'טיל', 12, 'ACTIVE', 'TOOL'),
    ('000000277', 'מרגמה 60 מ״מ מדויקת', 7, 2, 'יחידה', 1, 'ACTIVE', 'ITEM'),
    ('000000278', 'מרגמה 81 מ״מ מהירה', 8, 3, 'ק״ג', 2, 'ACTIVE', 'ITEM'),
    ('000000279', 'מקלע כבד טקטית', 9, 4, 'גרם', 3, 'ACTIVE', 'ITEM'),
    ('000000280', 'מקלע בינוני ארוכת טווח', 10, 5, 'ליטר', 4, 'INACTIVE', 'TOOL'),
    ('000000281', 'רובה סער מבצעית', 1, 1, 'מטר', 5, 'ACTIVE', 'ITEM'),
    ('000000282', 'אקדח שירות אימונים', 2, 2, 'קופסה', 6, 'ACTIVE', 'ITEM'),
    ('000000283', 'טנק מערכה עתודה', 3, 3, 'ארגז', 7, 'ACTIVE', 'ITEM'),
    ('000000284', 'נגמ״ש לחימה פלדה', 4, 4, 'משטח', 8, 'ACTIVE', 'TOOL'),
    ('000000285', 'ערכת ניקוי נשק קלה', 5, 5, 'פגז', 9, 'ACTIVE', 'ITEM'),
    ('000000286', 'כוונת אופטית כבדה', 6, 1, 'רקטה', 10, 'ACTIVE', 'ITEM'),
    ('000000287', 'סוללת קשר מדויקת', 7, 2, 'מחסנית', 11, 'INACTIVE', 'ITEM'),
    ('000000288', 'ערכת פריצה מהירה', 8, 3, 'טיל', 12, 'ACTIVE', 'TOOL'),
    ('000000289', 'תחמושת 5.56 מ״מ טקטית', 9, 4, 'יחידה', 1, 'ACTIVE', 'ITEM'),
    ('000000290', 'תחמושת 7.62 מ״מ ארוכת טווח', 10, 5, 'ק״ג', 2, 'ACTIVE', 'ITEM'),
    ('000000291', 'כדור 9 מ״מ מבצעית', 1, 1, 'גרם', 3, 'ACTIVE', 'ITEM'),
    ('000000292', 'מחסנית סער אימונים', 2, 2, 'ליטר', 4, 'ACTIVE', 'TOOL'),
    ('000000293', 'רימון עשן עתודה', 3, 3, 'מטר', 5, 'ACTIVE', 'ITEM'),
    ('000000294', 'רימון רסס פלדה', 4, 4, 'קופסה', 6, 'INACTIVE', 'ITEM'),
    ('000000295', 'פגז 120 מ״מ קלה', 5, 5, 'ארגז', 7, 'ACTIVE', 'ITEM'),
    ('000000296', 'פגז 155 מ״מ כבדה', 6, 1, 'משטח', 8, 'ACTIVE', 'TOOL'),
    ('000000297', 'רקטת כתף מדויקת', 7, 2, 'פגז', 9, 'ACTIVE', 'ITEM'),
    ('000000298', 'רקטה ארטילרית מהירה', 8, 3, 'רקטה', 10, 'ACTIVE', 'ITEM'),
    ('000000299', 'טיל נ״ט טקטית', 9, 4, 'מחסנית', 11, 'ACTIVE', 'ITEM'),
    ('000000300', 'טיל קרקע קרקע ארוכת טווח', 10, 5, 'טיל', 12, 'ACTIVE', 'TOOL'),
    ('000000301', 'מרגמה 60 מ״מ מבצעית', 1, 1, 'יחידה', 1, 'INACTIVE', 'ITEM'),
    ('000000302', 'מרגמה 81 מ״מ אימונים', 2, 2, 'ק״ג', 2, 'ACTIVE', 'ITEM'),
    ('000000303', 'מקלע כבד עתודה', 3, 3, 'גרם', 3, 'ACTIVE', 'ITEM'),
    ('000000304', 'מקלע בינוני פלדה', 4, 4, 'ליטר', 4, 'ACTIVE', 'TOOL'),
    ('000000305', 'רובה סער קלה', 5, 5, 'מטר', 5, 'ACTIVE', 'ITEM'),
    ('000000306', 'אקדח שירות כבדה', 6, 1, 'קופסה', 6, 'ACTIVE', 'ITEM'),
    ('000000307', 'טנק מערכה מדויקת', 7, 2, 'ארגז', 7, 'ACTIVE', 'ITEM'),
    ('000000308', 'נגמ״ש לחימה מהירה', 8, 3, 'משטח', 8, 'INACTIVE', 'TOOL'),
    ('000000309', 'ערכת ניקוי נשק טקטית', 9, 4, 'פגז', 9, 'ACTIVE', 'ITEM'),
    ('000000310', 'כוונת אופטית ארוכת טווח', 10, 5, 'רקטה', 10, 'ACTIVE', 'ITEM'),
    ('000000311', 'סוללת קשר מבצעית', 1, 1, 'מחסנית', 11, 'ACTIVE', 'ITEM'),
    ('000000312', 'ערכת פריצה אימונים', 2, 2, 'טיל', 12, 'ACTIVE', 'TOOL'),
    ('000000313', 'תחמושת 5.56 מ״מ עתודה', 3, 3, 'יחידה', 1, 'ACTIVE', 'ITEM'),
    ('000000314', 'תחמושת 7.62 מ״מ פלדה', 4, 4, 'ק״ג', 2, 'ACTIVE', 'ITEM'),
    ('000000315', 'כדור 9 מ״מ קלה', 5, 5, 'גרם', 3, 'INACTIVE', 'ITEM'),
    ('000000316', 'מחסנית סער כבדה', 6, 1, 'ליטר', 4, 'ACTIVE', 'TOOL'),
    ('000000317', 'רימון עשן מדויקת', 7, 2, 'מטר', 5, 'ACTIVE', 'ITEM'),
    ('000000318', 'רימון רסס מהירה', 8, 3, 'קופסה', 6, 'ACTIVE', 'ITEM'),
    ('000000319', 'פגז 120 מ״מ טקטית', 9, 4, 'ארגז', 7, 'ACTIVE', 'ITEM'),
    ('000000320', 'פגז 155 מ״מ ארוכת טווח', 10, 5, 'משטח', 8, 'ACTIVE', 'TOOL');

INSERT INTO public.material_categories (material_id, main_category, sub_category, second_category) VALUES
    ('000000001', 'M01', 'S01', 'C01'),
    ('000000002', 'M02', 'S01', 'C01'),
    ('000000003', 'M03', 'S02', 'C01'),
    ('000000004', 'M04', 'S02', 'C01'),
    ('000000005', 'M05', 'S03', 'C02'),
    ('000000006', 'M06', 'S03', 'C02'),
    ('000000007', 'M07', 'S04', 'C02'),
    ('000000008', 'M08', 'S04', 'C02'),
    ('000000009', 'M01', 'S05', 'C03'),
    ('000000010', 'M02', 'S05', 'C03'),
    ('000000011', 'M03', 'S06', 'C03'),
    ('000000012', 'M04', 'S06', 'C03'),
    ('000000013', 'M05', 'S07', 'C04'),
    ('000000014', 'M06', 'S07', 'C04'),
    ('000000015', 'M07', 'S08', 'C04'),
    ('000000016', 'M08', 'S08', 'C04'),
    ('000000017', 'M01', 'S09', 'C05'),
    ('000000018', 'M02', 'S09', 'C05'),
    ('000000019', 'M03', 'S10', 'C05'),
    ('000000020', 'M04', 'S10', 'C05'),
    ('000000021', 'M05', 'S11', 'C06'),
    ('000000022', 'M06', 'S11', 'C06'),
    ('000000023', 'M07', 'S12', 'C06'),
    ('000000024', 'M08', 'S12', 'C06'),
    ('000000025', 'M01', 'S01', 'C07'),
    ('000000026', 'M02', 'S01', 'C07'),
    ('000000027', 'M03', 'S02', 'C07'),
    ('000000028', 'M04', 'S02', 'C07'),
    ('000000029', 'M05', 'S03', 'C08'),
    ('000000030', 'M06', 'S03', 'C08'),
    ('000000031', 'M07', 'S04', 'C08'),
    ('000000032', 'M08', 'S04', 'C08'),
    ('000000033', 'M01', 'S05', 'C09'),
    ('000000034', 'M02', 'S05', 'C09'),
    ('000000035', 'M03', 'S06', 'C09'),
    ('000000036', 'M04', 'S06', 'C09'),
    ('000000037', 'M05', 'S07', 'C10'),
    ('000000038', 'M06', 'S07', 'C10'),
    ('000000039', 'M07', 'S08', 'C10'),
    ('000000040', 'M08', 'S08', 'C10'),
    ('000000041', 'M01', 'S09', 'C11'),
    ('000000042', 'M02', 'S09', 'C11'),
    ('000000043', 'M03', 'S10', 'C11'),
    ('000000044', 'M04', 'S10', 'C11'),
    ('000000045', 'M05', 'S11', 'C12'),
    ('000000046', 'M06', 'S11', 'C12'),
    ('000000047', 'M07', 'S12', 'C12'),
    ('000000048', 'M08', 'S12', 'C12'),
    ('000000049', 'M01', 'S01', 'C01'),
    ('000000050', 'M02', 'S01', 'C01'),
    ('000000051', 'M03', 'S02', 'C01'),
    ('000000052', 'M04', 'S02', 'C01'),
    ('000000053', 'M05', 'S03', 'C02'),
    ('000000054', 'M06', 'S03', 'C02'),
    ('000000055', 'M07', 'S04', 'C02'),
    ('000000056', 'M08', 'S04', 'C02'),
    ('000000057', 'M01', 'S05', 'C03'),
    ('000000058', 'M02', 'S05', 'C03'),
    ('000000059', 'M03', 'S06', 'C03'),
    ('000000060', 'M04', 'S06', 'C03'),
    ('000000061', 'M05', 'S07', 'C04'),
    ('000000062', 'M06', 'S07', 'C04'),
    ('000000063', 'M07', 'S08', 'C04'),
    ('000000064', 'M08', 'S08', 'C04'),
    ('000000065', 'M01', 'S09', 'C05'),
    ('000000066', 'M02', 'S09', 'C05'),
    ('000000067', 'M03', 'S10', 'C05'),
    ('000000068', 'M04', 'S10', 'C05'),
    ('000000069', 'M05', 'S11', 'C06'),
    ('000000070', 'M06', 'S11', 'C06'),
    ('000000071', 'M07', 'S12', 'C06'),
    ('000000072', 'M08', 'S12', 'C06'),
    ('000000073', 'M01', 'S01', 'C07'),
    ('000000074', 'M02', 'S01', 'C07'),
    ('000000075', 'M03', 'S02', 'C07'),
    ('000000076', 'M04', 'S02', 'C07'),
    ('000000077', 'M05', 'S03', 'C08'),
    ('000000078', 'M06', 'S03', 'C08'),
    ('000000079', 'M07', 'S04', 'C08'),
    ('000000080', 'M08', 'S04', 'C08'),
    ('000000081', 'M01', 'S05', 'C09'),
    ('000000082', 'M02', 'S05', 'C09'),
    ('000000083', 'M03', 'S06', 'C09'),
    ('000000084', 'M04', 'S06', 'C09'),
    ('000000085', 'M05', 'S07', 'C10'),
    ('000000086', 'M06', 'S07', 'C10'),
    ('000000087', 'M07', 'S08', 'C10'),
    ('000000088', 'M08', 'S08', 'C10'),
    ('000000089', 'M01', 'S09', 'C11'),
    ('000000090', 'M02', 'S09', 'C11'),
    ('000000091', 'M03', 'S10', 'C11'),
    ('000000092', 'M04', 'S10', 'C11'),
    ('000000093', 'M05', 'S11', 'C12'),
    ('000000094', 'M06', 'S11', 'C12'),
    ('000000095', 'M07', 'S12', 'C12'),
    ('000000096', 'M08', 'S12', 'C12'),
    ('000000097', 'M01', 'S01', 'C01'),
    ('000000098', 'M02', 'S01', 'C01'),
    ('000000099', 'M03', 'S02', 'C01'),
    ('000000100', 'M04', 'S02', 'C01'),
    ('000000101', 'M05', 'S03', 'C02'),
    ('000000102', 'M06', 'S03', 'C02'),
    ('000000103', 'M07', 'S04', 'C02'),
    ('000000104', 'M08', 'S04', 'C02'),
    ('000000105', 'M01', 'S05', 'C03'),
    ('000000106', 'M02', 'S05', 'C03'),
    ('000000107', 'M03', 'S06', 'C03'),
    ('000000108', 'M04', 'S06', 'C03'),
    ('000000109', 'M05', 'S07', 'C04'),
    ('000000110', 'M06', 'S07', 'C04'),
    ('000000111', 'M07', 'S08', 'C04'),
    ('000000112', 'M08', 'S08', 'C04'),
    ('000000113', 'M01', 'S09', 'C05'),
    ('000000114', 'M02', 'S09', 'C05'),
    ('000000115', 'M03', 'S10', 'C05'),
    ('000000116', 'M04', 'S10', 'C05'),
    ('000000117', 'M05', 'S11', 'C06'),
    ('000000118', 'M06', 'S11', 'C06'),
    ('000000119', 'M07', 'S12', 'C06'),
    ('000000120', 'M08', 'S12', 'C06'),
    ('000000121', 'M01', 'S01', 'C07'),
    ('000000122', 'M02', 'S01', 'C07'),
    ('000000123', 'M03', 'S02', 'C07'),
    ('000000124', 'M04', 'S02', 'C07'),
    ('000000125', 'M05', 'S03', 'C08'),
    ('000000126', 'M06', 'S03', 'C08'),
    ('000000127', 'M07', 'S04', 'C08'),
    ('000000128', 'M08', 'S04', 'C08'),
    ('000000129', 'M01', 'S05', 'C09'),
    ('000000130', 'M02', 'S05', 'C09'),
    ('000000131', 'M03', 'S06', 'C09'),
    ('000000132', 'M04', 'S06', 'C09'),
    ('000000133', 'M05', 'S07', 'C10'),
    ('000000134', 'M06', 'S07', 'C10'),
    ('000000135', 'M07', 'S08', 'C10'),
    ('000000136', 'M08', 'S08', 'C10'),
    ('000000137', 'M01', 'S09', 'C11'),
    ('000000138', 'M02', 'S09', 'C11'),
    ('000000139', 'M03', 'S10', 'C11'),
    ('000000140', 'M04', 'S10', 'C11'),
    ('000000141', 'M05', 'S11', 'C12'),
    ('000000142', 'M06', 'S11', 'C12'),
    ('000000143', 'M07', 'S12', 'C12'),
    ('000000144', 'M08', 'S12', 'C12'),
    ('000000145', 'M01', 'S01', 'C01'),
    ('000000146', 'M02', 'S01', 'C01'),
    ('000000147', 'M03', 'S02', 'C01'),
    ('000000148', 'M04', 'S02', 'C01'),
    ('000000149', 'M05', 'S03', 'C02'),
    ('000000150', 'M06', 'S03', 'C02'),
    ('000000151', 'M07', 'S04', 'C02'),
    ('000000152', 'M08', 'S04', 'C02'),
    ('000000153', 'M01', 'S05', 'C03'),
    ('000000154', 'M02', 'S05', 'C03'),
    ('000000155', 'M03', 'S06', 'C03'),
    ('000000156', 'M04', 'S06', 'C03'),
    ('000000157', 'M05', 'S07', 'C04'),
    ('000000158', 'M06', 'S07', 'C04'),
    ('000000159', 'M07', 'S08', 'C04'),
    ('000000160', 'M08', 'S08', 'C04'),
    ('000000161', 'M01', 'S09', 'C05'),
    ('000000162', 'M02', 'S09', 'C05'),
    ('000000163', 'M03', 'S10', 'C05'),
    ('000000164', 'M04', 'S10', 'C05'),
    ('000000165', 'M05', 'S11', 'C06'),
    ('000000166', 'M06', 'S11', 'C06'),
    ('000000167', 'M07', 'S12', 'C06'),
    ('000000168', 'M08', 'S12', 'C06'),
    ('000000169', 'M01', 'S01', 'C07'),
    ('000000170', 'M02', 'S01', 'C07'),
    ('000000171', 'M03', 'S02', 'C07'),
    ('000000172', 'M04', 'S02', 'C07'),
    ('000000173', 'M05', 'S03', 'C08'),
    ('000000174', 'M06', 'S03', 'C08'),
    ('000000175', 'M07', 'S04', 'C08'),
    ('000000176', 'M08', 'S04', 'C08'),
    ('000000177', 'M01', 'S05', 'C09'),
    ('000000178', 'M02', 'S05', 'C09'),
    ('000000179', 'M03', 'S06', 'C09'),
    ('000000180', 'M04', 'S06', 'C09'),
    ('000000181', 'M05', 'S07', 'C10'),
    ('000000182', 'M06', 'S07', 'C10'),
    ('000000183', 'M07', 'S08', 'C10'),
    ('000000184', 'M08', 'S08', 'C10'),
    ('000000185', 'M01', 'S09', 'C11'),
    ('000000186', 'M02', 'S09', 'C11'),
    ('000000187', 'M03', 'S10', 'C11'),
    ('000000188', 'M04', 'S10', 'C11'),
    ('000000189', 'M05', 'S11', 'C12'),
    ('000000190', 'M06', 'S11', 'C12'),
    ('000000191', 'M07', 'S12', 'C12'),
    ('000000192', 'M08', 'S12', 'C12'),
    ('000000193', 'M01', 'S01', 'C01'),
    ('000000194', 'M02', 'S01', 'C01'),
    ('000000195', 'M03', 'S02', 'C01'),
    ('000000196', 'M04', 'S02', 'C01'),
    ('000000197', 'M05', 'S03', 'C02'),
    ('000000198', 'M06', 'S03', 'C02'),
    ('000000199', 'M07', 'S04', 'C02'),
    ('000000200', 'M08', 'S04', 'C02'),
    ('000000201', 'M01', 'S05', 'C03'),
    ('000000202', 'M02', 'S05', 'C03'),
    ('000000203', 'M03', 'S06', 'C03'),
    ('000000204', 'M04', 'S06', 'C03'),
    ('000000205', 'M05', 'S07', 'C04'),
    ('000000206', 'M06', 'S07', 'C04'),
    ('000000207', 'M07', 'S08', 'C04'),
    ('000000208', 'M08', 'S08', 'C04'),
    ('000000209', 'M01', 'S09', 'C05'),
    ('000000210', 'M02', 'S09', 'C05'),
    ('000000211', 'M03', 'S10', 'C05'),
    ('000000212', 'M04', 'S10', 'C05'),
    ('000000213', 'M05', 'S11', 'C06'),
    ('000000214', 'M06', 'S11', 'C06'),
    ('000000215', 'M07', 'S12', 'C06'),
    ('000000216', 'M08', 'S12', 'C06'),
    ('000000217', 'M01', 'S01', 'C07'),
    ('000000218', 'M02', 'S01', 'C07'),
    ('000000219', 'M03', 'S02', 'C07'),
    ('000000220', 'M04', 'S02', 'C07'),
    ('000000221', 'M05', 'S03', 'C08'),
    ('000000222', 'M06', 'S03', 'C08'),
    ('000000223', 'M07', 'S04', 'C08'),
    ('000000224', 'M08', 'S04', 'C08'),
    ('000000225', 'M01', 'S05', 'C09'),
    ('000000226', 'M02', 'S05', 'C09'),
    ('000000227', 'M03', 'S06', 'C09'),
    ('000000228', 'M04', 'S06', 'C09'),
    ('000000229', 'M05', 'S07', 'C10'),
    ('000000230', 'M06', 'S07', 'C10'),
    ('000000231', 'M07', 'S08', 'C10'),
    ('000000232', 'M08', 'S08', 'C10'),
    ('000000233', 'M01', 'S09', 'C11'),
    ('000000234', 'M02', 'S09', 'C11'),
    ('000000235', 'M03', 'S10', 'C11'),
    ('000000236', 'M04', 'S10', 'C11'),
    ('000000237', 'M05', 'S11', 'C12'),
    ('000000238', 'M06', 'S11', 'C12'),
    ('000000239', 'M07', 'S12', 'C12'),
    ('000000240', 'M08', 'S12', 'C12'),
    ('000000241', 'M01', 'S01', 'C01'),
    ('000000242', 'M02', 'S01', 'C01'),
    ('000000243', 'M03', 'S02', 'C01'),
    ('000000244', 'M04', 'S02', 'C01'),
    ('000000245', 'M05', 'S03', 'C02'),
    ('000000246', 'M06', 'S03', 'C02'),
    ('000000247', 'M07', 'S04', 'C02'),
    ('000000248', 'M08', 'S04', 'C02'),
    ('000000249', 'M01', 'S05', 'C03'),
    ('000000250', 'M02', 'S05', 'C03'),
    ('000000251', 'M03', 'S06', 'C03'),
    ('000000252', 'M04', 'S06', 'C03'),
    ('000000253', 'M05', 'S07', 'C04'),
    ('000000254', 'M06', 'S07', 'C04'),
    ('000000255', 'M07', 'S08', 'C04'),
    ('000000256', 'M08', 'S08', 'C04'),
    ('000000257', 'M01', 'S09', 'C05'),
    ('000000258', 'M02', 'S09', 'C05'),
    ('000000259', 'M03', 'S10', 'C05'),
    ('000000260', 'M04', 'S10', 'C05'),
    ('000000261', 'M05', 'S11', 'C06'),
    ('000000262', 'M06', 'S11', 'C06'),
    ('000000263', 'M07', 'S12', 'C06'),
    ('000000264', 'M08', 'S12', 'C06'),
    ('000000265', 'M01', 'S01', 'C07'),
    ('000000266', 'M02', 'S01', 'C07'),
    ('000000267', 'M03', 'S02', 'C07'),
    ('000000268', 'M04', 'S02', 'C07'),
    ('000000269', 'M05', 'S03', 'C08'),
    ('000000270', 'M06', 'S03', 'C08'),
    ('000000271', 'M07', 'S04', 'C08'),
    ('000000272', 'M08', 'S04', 'C08'),
    ('000000273', 'M01', 'S05', 'C09'),
    ('000000274', 'M02', 'S05', 'C09'),
    ('000000275', 'M03', 'S06', 'C09'),
    ('000000276', 'M04', 'S06', 'C09'),
    ('000000277', 'M05', 'S07', 'C10'),
    ('000000278', 'M06', 'S07', 'C10'),
    ('000000279', 'M07', 'S08', 'C10'),
    ('000000280', 'M08', 'S08', 'C10'),
    ('000000281', 'M01', 'S09', 'C11'),
    ('000000282', 'M02', 'S09', 'C11'),
    ('000000283', 'M03', 'S10', 'C11'),
    ('000000284', 'M04', 'S10', 'C11'),
    ('000000285', 'M05', 'S11', 'C12'),
    ('000000286', 'M06', 'S11', 'C12'),
    ('000000287', 'M07', 'S12', 'C12'),
    ('000000288', 'M08', 'S12', 'C12'),
    ('000000289', 'M01', 'S01', 'C01'),
    ('000000290', 'M02', 'S01', 'C01'),
    ('000000291', 'M03', 'S02', 'C01'),
    ('000000292', 'M04', 'S02', 'C01'),
    ('000000293', 'M05', 'S03', 'C02'),
    ('000000294', 'M06', 'S03', 'C02'),
    ('000000295', 'M07', 'S04', 'C02'),
    ('000000296', 'M08', 'S04', 'C02'),
    ('000000297', 'M01', 'S05', 'C03'),
    ('000000298', 'M02', 'S05', 'C03'),
    ('000000299', 'M03', 'S06', 'C03'),
    ('000000300', 'M04', 'S06', 'C03'),
    ('000000301', 'M05', 'S07', 'C04'),
    ('000000302', 'M06', 'S07', 'C04'),
    ('000000303', 'M07', 'S08', 'C04'),
    ('000000304', 'M08', 'S08', 'C04'),
    ('000000305', 'M01', 'S09', 'C05'),
    ('000000306', 'M02', 'S09', 'C05'),
    ('000000307', 'M03', 'S10', 'C05'),
    ('000000308', 'M04', 'S10', 'C05'),
    ('000000309', 'M05', 'S11', 'C06'),
    ('000000310', 'M06', 'S11', 'C06'),
    ('000000311', 'M07', 'S12', 'C06'),
    ('000000312', 'M08', 'S12', 'C06'),
    ('000000313', 'M01', 'S01', 'C07'),
    ('000000314', 'M02', 'S01', 'C07'),
    ('000000315', 'M03', 'S02', 'C07'),
    ('000000316', 'M04', 'S02', 'C07'),
    ('000000317', 'M05', 'S03', 'C08'),
    ('000000318', 'M06', 'S03', 'C08'),
    ('000000319', 'M07', 'S04', 'C08'),
    ('000000320', 'M08', 'S04', 'C08');

INSERT INTO public.materials_nicknames (material_id, nickname) VALUES
    ('000000001', 'כינוי 000000001'),
    ('000000002', 'כינוי 000000002'),
    ('000000003', 'כינוי 000000003'),
    ('000000004', 'כינוי 000000004'),
    ('000000005', 'כינוי 000000005'),
    ('000000006', 'כינוי 000000006'),
    ('000000007', 'כינוי 000000007'),
    ('000000008', 'כינוי 000000008'),
    ('000000009', 'כינוי 000000009'),
    ('000000010', 'כינוי 000000010'),
    ('000000011', 'כינוי 000000011'),
    ('000000012', 'כינוי 000000012'),
    ('000000013', 'כינוי 000000013'),
    ('000000014', 'כינוי 000000014'),
    ('000000015', 'כינוי 000000015'),
    ('000000016', 'כינוי 000000016'),
    ('000000017', 'כינוי 000000017'),
    ('000000018', 'כינוי 000000018'),
    ('000000019', 'כינוי 000000019'),
    ('000000020', 'כינוי 000000020'),
    ('000000021', 'כינוי 000000021'),
    ('000000022', 'כינוי 000000022'),
    ('000000023', 'כינוי 000000023'),
    ('000000024', 'כינוי 000000024'),
    ('000000025', 'כינוי 000000025'),
    ('000000026', 'כינוי 000000026'),
    ('000000027', 'כינוי 000000027'),
    ('000000028', 'כינוי 000000028'),
    ('000000029', 'כינוי 000000029'),
    ('000000030', 'כינוי 000000030'),
    ('000000031', 'כינוי 000000031'),
    ('000000032', 'כינוי 000000032'),
    ('000000033', 'כינוי 000000033'),
    ('000000034', 'כינוי 000000034'),
    ('000000035', 'כינוי 000000035'),
    ('000000036', 'כינוי 000000036'),
    ('000000037', 'כינוי 000000037'),
    ('000000038', 'כינוי 000000038'),
    ('000000039', 'כינוי 000000039'),
    ('000000040', 'כינוי 000000040'),
    ('000000041', 'כינוי 000000041'),
    ('000000042', 'כינוי 000000042'),
    ('000000043', 'כינוי 000000043'),
    ('000000044', 'כינוי 000000044'),
    ('000000045', 'כינוי 000000045'),
    ('000000046', 'כינוי 000000046'),
    ('000000047', 'כינוי 000000047'),
    ('000000048', 'כינוי 000000048'),
    ('000000049', 'כינוי 000000049'),
    ('000000050', 'כינוי 000000050'),
    ('000000051', 'כינוי 000000051'),
    ('000000052', 'כינוי 000000052'),
    ('000000053', 'כינוי 000000053'),
    ('000000054', 'כינוי 000000054'),
    ('000000055', 'כינוי 000000055'),
    ('000000056', 'כינוי 000000056'),
    ('000000057', 'כינוי 000000057'),
    ('000000058', 'כינוי 000000058'),
    ('000000059', 'כינוי 000000059'),
    ('000000060', 'כינוי 000000060'),
    ('000000061', 'כינוי 000000061'),
    ('000000062', 'כינוי 000000062'),
    ('000000063', 'כינוי 000000063'),
    ('000000064', 'כינוי 000000064'),
    ('000000065', 'כינוי 000000065'),
    ('000000066', 'כינוי 000000066'),
    ('000000067', 'כינוי 000000067'),
    ('000000068', 'כינוי 000000068'),
    ('000000069', 'כינוי 000000069'),
    ('000000070', 'כינוי 000000070'),
    ('000000071', 'כינוי 000000071'),
    ('000000072', 'כינוי 000000072'),
    ('000000073', 'כינוי 000000073'),
    ('000000074', 'כינוי 000000074'),
    ('000000075', 'כינוי 000000075'),
    ('000000076', 'כינוי 000000076'),
    ('000000077', 'כינוי 000000077'),
    ('000000078', 'כינוי 000000078'),
    ('000000079', 'כינוי 000000079'),
    ('000000080', 'כינוי 000000080'),
    ('000000081', 'כינוי 000000081'),
    ('000000082', 'כינוי 000000082'),
    ('000000083', 'כינוי 000000083'),
    ('000000084', 'כינוי 000000084'),
    ('000000085', 'כינוי 000000085'),
    ('000000086', 'כינוי 000000086'),
    ('000000087', 'כינוי 000000087'),
    ('000000088', 'כינוי 000000088'),
    ('000000089', 'כינוי 000000089'),
    ('000000090', 'כינוי 000000090'),
    ('000000091', 'כינוי 000000091'),
    ('000000092', 'כינוי 000000092'),
    ('000000093', 'כינוי 000000093'),
    ('000000094', 'כינוי 000000094'),
    ('000000095', 'כינוי 000000095'),
    ('000000096', 'כינוי 000000096'),
    ('000000097', 'כינוי 000000097'),
    ('000000098', 'כינוי 000000098'),
    ('000000099', 'כינוי 000000099'),
    ('000000100', 'כינוי 000000100'),
    ('000000101', 'כינוי 000000101'),
    ('000000102', 'כינוי 000000102'),
    ('000000103', 'כינוי 000000103'),
    ('000000104', 'כינוי 000000104'),
    ('000000105', 'כינוי 000000105'),
    ('000000106', 'כינוי 000000106'),
    ('000000107', 'כינוי 000000107'),
    ('000000108', 'כינוי 000000108'),
    ('000000109', 'כינוי 000000109'),
    ('000000110', 'כינוי 000000110'),
    ('000000111', 'כינוי 000000111'),
    ('000000112', 'כינוי 000000112'),
    ('000000113', 'כינוי 000000113'),
    ('000000114', 'כינוי 000000114'),
    ('000000115', 'כינוי 000000115'),
    ('000000116', 'כינוי 000000116'),
    ('000000117', 'כינוי 000000117'),
    ('000000118', 'כינוי 000000118'),
    ('000000119', 'כינוי 000000119'),
    ('000000120', 'כינוי 000000120'),
    ('000000121', 'כינוי 000000121'),
    ('000000122', 'כינוי 000000122'),
    ('000000123', 'כינוי 000000123'),
    ('000000124', 'כינוי 000000124'),
    ('000000125', 'כינוי 000000125'),
    ('000000126', 'כינוי 000000126'),
    ('000000127', 'כינוי 000000127'),
    ('000000128', 'כינוי 000000128'),
    ('000000129', 'כינוי 000000129'),
    ('000000130', 'כינוי 000000130'),
    ('000000131', 'כינוי 000000131'),
    ('000000132', 'כינוי 000000132'),
    ('000000133', 'כינוי 000000133'),
    ('000000134', 'כינוי 000000134'),
    ('000000135', 'כינוי 000000135'),
    ('000000136', 'כינוי 000000136'),
    ('000000137', 'כינוי 000000137'),
    ('000000138', 'כינוי 000000138'),
    ('000000139', 'כינוי 000000139'),
    ('000000140', 'כינוי 000000140'),
    ('000000141', 'כינוי 000000141'),
    ('000000142', 'כינוי 000000142'),
    ('000000143', 'כינוי 000000143'),
    ('000000144', 'כינוי 000000144'),
    ('000000145', 'כינוי 000000145'),
    ('000000146', 'כינוי 000000146'),
    ('000000147', 'כינוי 000000147'),
    ('000000148', 'כינוי 000000148'),
    ('000000149', 'כינוי 000000149'),
    ('000000150', 'כינוי 000000150'),
    ('000000151', 'כינוי 000000151'),
    ('000000152', 'כינוי 000000152'),
    ('000000153', 'כינוי 000000153'),
    ('000000154', 'כינוי 000000154'),
    ('000000155', 'כינוי 000000155'),
    ('000000156', 'כינוי 000000156'),
    ('000000157', 'כינוי 000000157'),
    ('000000158', 'כינוי 000000158'),
    ('000000159', 'כינוי 000000159'),
    ('000000160', 'כינוי 000000160'),
    ('000000161', 'כינוי 000000161'),
    ('000000162', 'כינוי 000000162'),
    ('000000163', 'כינוי 000000163'),
    ('000000164', 'כינוי 000000164'),
    ('000000165', 'כינוי 000000165'),
    ('000000166', 'כינוי 000000166'),
    ('000000167', 'כינוי 000000167'),
    ('000000168', 'כינוי 000000168'),
    ('000000169', 'כינוי 000000169'),
    ('000000170', 'כינוי 000000170'),
    ('000000171', 'כינוי 000000171'),
    ('000000172', 'כינוי 000000172'),
    ('000000173', 'כינוי 000000173'),
    ('000000174', 'כינוי 000000174'),
    ('000000175', 'כינוי 000000175'),
    ('000000176', 'כינוי 000000176'),
    ('000000177', 'כינוי 000000177'),
    ('000000178', 'כינוי 000000178'),
    ('000000179', 'כינוי 000000179'),
    ('000000180', 'כינוי 000000180'),
    ('000000181', 'כינוי 000000181'),
    ('000000182', 'כינוי 000000182'),
    ('000000183', 'כינוי 000000183'),
    ('000000184', 'כינוי 000000184'),
    ('000000185', 'כינוי 000000185'),
    ('000000186', 'כינוי 000000186'),
    ('000000187', 'כינוי 000000187'),
    ('000000188', 'כינוי 000000188'),
    ('000000189', 'כינוי 000000189'),
    ('000000190', 'כינוי 000000190'),
    ('000000191', 'כינוי 000000191'),
    ('000000192', 'כינוי 000000192'),
    ('000000193', 'כינוי 000000193'),
    ('000000194', 'כינוי 000000194'),
    ('000000195', 'כינוי 000000195'),
    ('000000196', 'כינוי 000000196'),
    ('000000197', 'כינוי 000000197'),
    ('000000198', 'כינוי 000000198'),
    ('000000199', 'כינוי 000000199'),
    ('000000200', 'כינוי 000000200'),
    ('000000201', 'כינוי 000000201'),
    ('000000202', 'כינוי 000000202'),
    ('000000203', 'כינוי 000000203'),
    ('000000204', 'כינוי 000000204'),
    ('000000205', 'כינוי 000000205'),
    ('000000206', 'כינוי 000000206'),
    ('000000207', 'כינוי 000000207'),
    ('000000208', 'כינוי 000000208'),
    ('000000209', 'כינוי 000000209'),
    ('000000210', 'כינוי 000000210'),
    ('000000211', 'כינוי 000000211'),
    ('000000212', 'כינוי 000000212'),
    ('000000213', 'כינוי 000000213'),
    ('000000214', 'כינוי 000000214'),
    ('000000215', 'כינוי 000000215'),
    ('000000216', 'כינוי 000000216'),
    ('000000217', 'כינוי 000000217'),
    ('000000218', 'כינוי 000000218'),
    ('000000219', 'כינוי 000000219'),
    ('000000220', 'כינוי 000000220'),
    ('000000221', 'כינוי 000000221'),
    ('000000222', 'כינוי 000000222'),
    ('000000223', 'כינוי 000000223'),
    ('000000224', 'כינוי 000000224'),
    ('000000225', 'כינוי 000000225'),
    ('000000226', 'כינוי 000000226'),
    ('000000227', 'כינוי 000000227'),
    ('000000228', 'כינוי 000000228'),
    ('000000229', 'כינוי 000000229'),
    ('000000230', 'כינוי 000000230'),
    ('000000231', 'כינוי 000000231'),
    ('000000232', 'כינוי 000000232'),
    ('000000233', 'כינוי 000000233'),
    ('000000234', 'כינוי 000000234'),
    ('000000235', 'כינוי 000000235'),
    ('000000236', 'כינוי 000000236'),
    ('000000237', 'כינוי 000000237'),
    ('000000238', 'כינוי 000000238'),
    ('000000239', 'כינוי 000000239'),
    ('000000240', 'כינוי 000000240'),
    ('000000241', 'כינוי 000000241'),
    ('000000242', 'כינוי 000000242'),
    ('000000243', 'כינוי 000000243'),
    ('000000244', 'כינוי 000000244'),
    ('000000245', 'כינוי 000000245'),
    ('000000246', 'כינוי 000000246'),
    ('000000247', 'כינוי 000000247'),
    ('000000248', 'כינוי 000000248'),
    ('000000249', 'כינוי 000000249'),
    ('000000250', 'כינוי 000000250'),
    ('000000251', 'כינוי 000000251'),
    ('000000252', 'כינוי 000000252'),
    ('000000253', 'כינוי 000000253'),
    ('000000254', 'כינוי 000000254'),
    ('000000255', 'כינוי 000000255'),
    ('000000256', 'כינוי 000000256'),
    ('000000257', 'כינוי 000000257'),
    ('000000258', 'כינוי 000000258'),
    ('000000259', 'כינוי 000000259'),
    ('000000260', 'כינוי 000000260'),
    ('000000261', 'כינוי 000000261'),
    ('000000262', 'כינוי 000000262'),
    ('000000263', 'כינוי 000000263'),
    ('000000264', 'כינוי 000000264'),
    ('000000265', 'כינוי 000000265'),
    ('000000266', 'כינוי 000000266'),
    ('000000267', 'כינוי 000000267'),
    ('000000268', 'כינוי 000000268'),
    ('000000269', 'כינוי 000000269'),
    ('000000270', 'כינוי 000000270'),
    ('000000271', 'כינוי 000000271'),
    ('000000272', 'כינוי 000000272'),
    ('000000273', 'כינוי 000000273'),
    ('000000274', 'כינוי 000000274'),
    ('000000275', 'כינוי 000000275'),
    ('000000276', 'כינוי 000000276'),
    ('000000277', 'כינוי 000000277'),
    ('000000278', 'כינוי 000000278'),
    ('000000279', 'כינוי 000000279'),
    ('000000280', 'כינוי 000000280'),
    ('000000281', 'כינוי 000000281'),
    ('000000282', 'כינוי 000000282'),
    ('000000283', 'כינוי 000000283'),
    ('000000284', 'כינוי 000000284'),
    ('000000285', 'כינוי 000000285'),
    ('000000286', 'כינוי 000000286'),
    ('000000287', 'כינוי 000000287'),
    ('000000288', 'כינוי 000000288'),
    ('000000289', 'כינוי 000000289'),
    ('000000290', 'כינוי 000000290'),
    ('000000291', 'כינוי 000000291'),
    ('000000292', 'כינוי 000000292'),
    ('000000293', 'כינוי 000000293'),
    ('000000294', 'כינוי 000000294'),
    ('000000295', 'כינוי 000000295'),
    ('000000296', 'כינוי 000000296'),
    ('000000297', 'כינוי 000000297'),
    ('000000298', 'כינוי 000000298'),
    ('000000299', 'כינוי 000000299'),
    ('000000300', 'כינוי 000000300'),
    ('000000301', 'כינוי 000000301'),
    ('000000302', 'כינוי 000000302'),
    ('000000303', 'כינוי 000000303'),
    ('000000304', 'כינוי 000000304'),
    ('000000305', 'כינוי 000000305'),
    ('000000306', 'כינוי 000000306'),
    ('000000307', 'כינוי 000000307'),
    ('000000308', 'כינוי 000000308'),
    ('000000309', 'כינוי 000000309'),
    ('000000310', 'כינוי 000000310'),
    ('000000311', 'כינוי 000000311'),
    ('000000312', 'כינוי 000000312'),
    ('000000313', 'כינוי 000000313'),
    ('000000314', 'כינוי 000000314'),
    ('000000315', 'כינוי 000000315'),
    ('000000316', 'כינוי 000000316'),
    ('000000317', 'כינוי 000000317'),
    ('000000318', 'כינוי 000000318'),
    ('000000319', 'כינוי 000000319'),
    ('000000320', 'כינוי 000000320');
